image,edition,rank
ipfs://QmTaY5MS9trVXjFywtxW4D927KDY5r2GWthvdnwE2u1TQ8/1.png,1,258
ipfs://QmTaY5MS9trVXjFywtxW4D927KDY5r2GWthvdnwE2u1TQ8/2.png,2,262
ipfs://QmTaY5MS9trVXjFywtxW4D927KDY5r2GWthvdnwE2u1TQ8/3.png,3,359
ipfs://QmTaY5MS9trVXjFywtxW4D927KDY5r2GWthvdnwE2u1TQ8/4.png,4,335
ipfs://QmTaY5MS9trVXjFywtxW4D927KDY5r2GWthvdnwE2u1TQ8/5.png,5,129
ipfs://QmTaY5MS9trVXjFywtxW4D927KDY5r2GWthvdnwE2u1TQ8/6.png,6,79
ipfs://QmTaY5MS9trVXjFywtxW4D927KDY5r2GWthvdnwE2u1TQ8/7.png,7,613
ipfs://QmTaY5MS9trVXjFywtxW4D927KDY5r2GWthvdnwE2u1TQ8/8.png,8,447
ipfs://QmTaY5MS9trVXjFywtxW4D927KDY5r2GWthvdnwE2u1TQ8/9.png,9,692
ipfs://QmTaY5MS9trVXjFywtxW4D927KDY5r2GWthvdnwE2u1TQ8/10.png,10,631
ipfs://QmTaY5MS9trVXjFywtxW4D927KDY5r2GWthvdnwE2u1TQ8/11.png,11,595
ipfs://QmTaY5MS9trVXjFywtxW4D927KDY5r2GWthvdnwE2u1TQ8/12.png,12,373
ipfs://QmTaY5MS9trVXjFywtxW4D927KDY5r2GWthvdnwE2u1TQ8/13.png,13,429
ipfs://QmTaY5MS9trVXjFywtxW4D927KDY5r2GWthvdnwE2u1TQ8/14.png,14,211
ipfs://QmTaY5MS9trVXjFywtxW4D927KDY5r2GWthvdnwE2u1TQ8/15.png,15,690
ipfs://QmTaY5MS9trVXjFywtxW4D927KDY5r2GWthvdnwE2u1TQ8/16.png,16,254
ipfs://QmTaY5MS9trVXjFywtxW4D927KDY5r2GWthvdnwE2u1TQ8/17.png,17,638
ipfs://QmTaY5MS9trVXjFywtxW4D927KDY5r2GWthvdnwE2u1TQ8/18.png,18,371
ipfs://QmTaY5MS9trVXjFywtxW4D927KDY5r2GWthvdnwE2u1TQ8/19.png,19,773
ipfs://QmTaY5MS9trVXjFywtxW4D927KDY5r2GWthvdnwE2u1TQ8/20.png,20,512
ipfs://QmTaY5MS9trVXjFywtxW4D927KDY5r2GWthvdnwE2u1TQ8/21.png,21,347
ipfs://QmTaY5MS9trVXjFywtxW4D927KDY5r2GWthvdnwE2u1TQ8/22.png,22,532
ipfs://QmTaY5MS9trVXjFywtxW4D927KDY5r2GWthvdnwE2u1TQ8/23.png,23,486
ipfs://QmTaY5MS9trVXjFywtxW4D927KDY5r2GWthvdnwE2u1TQ8/24.png,24,187
ipfs://QmTaY5MS9trVXjFywtxW4D927KDY5r2GWthvdnwE2u1TQ8/25.png,25,652
ipfs://QmTaY5MS9trVXjFywtxW4D927KDY5r2GWthvdnwE2u1TQ8/26.png,26,304
ipfs://QmTaY5MS9trVXjFywtxW4D927KDY5r2GWthvdnwE2u1TQ8/27.png,27,509
ipfs://QmTaY5MS9trVXjFywtxW4D927KDY5r2GWthvdnwE2u1TQ8/28.png,28,738
ipfs://QmTaY5MS9trVXjFywtxW4D927KDY5r2GWthvdnwE2u1TQ8/29.png,29,368
ipfs://QmTaY5MS9trVXjFywtxW4D927KDY5r2GWthvdnwE2u1TQ8/30.png,30,784
ipfs://QmTaY5MS9trVXjFywtxW4D927KDY5r2GWthvdnwE2u1TQ8/31.png,31,1
ipfs://QmTaY5MS9trVXjFywtxW4D927KDY5r2GWthvdnwE2u1TQ8/32.png,32,342
ipfs://QmTaY5MS9trVXjFywtxW4D927KDY5r2GWthvdnwE2u1TQ8/33.png,33,410
ipfs://QmTaY5MS9trVXjFywtxW4D927KDY5r2GWthvdnwE2u1TQ8/34.png,34,144
ipfs://QmTaY5MS9trVXjFywtxW4D927KDY5r2GWthvdnwE2u1TQ8/35.png,35,516
ipfs://QmTaY5MS9trVXjFywtxW4D927KDY5r2GWthvdnwE2u1TQ8/36.png,36,401
ipfs://QmTaY5MS9trVXjFywtxW4D927KDY5r2GWthvdnwE2u1TQ8/37.png,37,263
ipfs://QmTaY5MS9trVXjFywtxW4D927KDY5r2GWthvdnwE2u1TQ8/38.png,38,565
ipfs://QmTaY5MS9trVXjFywtxW4D927KDY5r2GWthvdnwE2u1TQ8/39.png,39,830
ipfs://QmTaY5MS9trVXjFywtxW4D927KDY5r2GWthvdnwE2u1TQ8/40.png,40,217
ipfs://QmTaY5MS9trVXjFywtxW4D927KDY5r2GWthvdnwE2u1TQ8/41.png,41,478
ipfs://QmTaY5MS9trVXjFywtxW4D927KDY5r2GWthvdnwE2u1TQ8/42.png,42,691
ipfs://QmTaY5MS9trVXjFywtxW4D927KDY5r2GWthvdnwE2u1TQ8/43.png,43,2
ipfs://QmTaY5MS9trVXjFywtxW4D927KDY5r2GWthvdnwE2u1TQ8/44.png,44,584
ipfs://QmTaY5MS9trVXjFywtxW4D927KDY5r2GWthvdnwE2u1TQ8/45.png,45,777
ipfs://QmTaY5MS9trVXjFywtxW4D927KDY5r2GWthvdnwE2u1TQ8/46.png,46,853
ipfs://QmTaY5MS9trVXjFywtxW4D927KDY5r2GWthvdnwE2u1TQ8/47.png,47,771
ipfs://QmTaY5MS9trVXjFywtxW4D927KDY5r2GWthvdnwE2u1TQ8/48.png,48,406
ipfs://QmTaY5MS9trVXjFywtxW4D927KDY5r2GWthvdnwE2u1TQ8/49.png,49,671
ipfs://QmTaY5MS9trVXjFywtxW4D927KDY5r2GWthvdnwE2u1TQ8/50.png,50,225
ipfs://QmTaY5MS9trVXjFywtxW4D927KDY5r2GWthvdnwE2u1TQ8/51.png,51,620
ipfs://QmTaY5MS9trVXjFywtxW4D927KDY5r2GWthvdnwE2u1TQ8/52.png,52,94
ipfs://QmTaY5MS9trVXjFywtxW4D927KDY5r2GWthvdnwE2u1TQ8/53.png,53,623
ipfs://QmTaY5MS9trVXjFywtxW4D927KDY5r2GWthvdnwE2u1TQ8/54.png,54,684
ipfs://QmTaY5MS9trVXjFywtxW4D927KDY5r2GWthvdnwE2u1TQ8/55.png,55,607
ipfs://QmTaY5MS9trVXjFywtxW4D927KDY5r2GWthvdnwE2u1TQ8/56.png,56,357
ipfs://QmTaY5MS9trVXjFywtxW4D927KDY5r2GWthvdnwE2u1TQ8/57.png,57,557
ipfs://QmTaY5MS9trVXjFywtxW4D927KDY5r2GWthvdnwE2u1TQ8/58.png,58,485
ipfs://QmTaY5MS9trVXjFywtxW4D927KDY5r2GWthvdnwE2u1TQ8/59.png,59,183
ipfs://QmTaY5MS9trVXjFywtxW4D927KDY5r2GWthvdnwE2u1TQ8/60.png,60,420
ipfs://QmTaY5MS9trVXjFywtxW4D927KDY5r2GWthvdnwE2u1TQ8/61.png,61,37
ipfs://QmTaY5MS9trVXjFywtxW4D927KDY5r2GWthvdnwE2u1TQ8/62.png,62,352
ipfs://QmTaY5MS9trVXjFywtxW4D927KDY5r2GWthvdnwE2u1TQ8/63.png,63,732
ipfs://QmTaY5MS9trVXjFywtxW4D927KDY5r2GWthvdnwE2u1TQ8/64.png,64,768
ipfs://QmTaY5MS9trVXjFywtxW4D927KDY5r2GWthvdnwE2u1TQ8/65.png,65,286
ipfs://QmTaY5MS9trVXjFywtxW4D927KDY5r2GWthvdnwE2u1TQ8/66.png,66,290
ipfs://QmTaY5MS9trVXjFywtxW4D927KDY5r2GWthvdnwE2u1TQ8/67.png,67,363
ipfs://QmTaY5MS9trVXjFywtxW4D927KDY5r2GWthvdnwE2u1TQ8/68.png,68,209
ipfs://QmTaY5MS9trVXjFywtxW4D927KDY5r2GWthvdnwE2u1TQ8/69.png,69,821
ipfs://QmTaY5MS9trVXjFywtxW4D927KDY5r2GWthvdnwE2u1TQ8/70.png,70,435
ipfs://QmTaY5MS9trVXjFywtxW4D927KDY5r2GWthvdnwE2u1TQ8/71.png,71,762
ipfs://QmTaY5MS9trVXjFywtxW4D927KDY5r2GWthvdnwE2u1TQ8/72.png,72,533
ipfs://QmTaY5MS9trVXjFywtxW4D927KDY5r2GWthvdnwE2u1TQ8/73.png,73,476
ipfs://QmTaY5MS9trVXjFywtxW4D927KDY5r2GWthvdnwE2u1TQ8/74.png,74,407
ipfs://QmTaY5MS9trVXjFywtxW4D927KDY5r2GWthvdnwE2u1TQ8/75.png,75,751
ipfs://QmTaY5MS9trVXjFywtxW4D927KDY5r2GWthvdnwE2u1TQ8/76.png,76,668
ipfs://QmTaY5MS9trVXjFywtxW4D927KDY5r2GWthvdnwE2u1TQ8/77.png,77,588
ipfs://QmTaY5MS9trVXjFywtxW4D927KDY5r2GWthvdnwE2u1TQ8/78.png,78,350
ipfs://QmTaY5MS9trVXjFywtxW4D927KDY5r2GWthvdnwE2u1TQ8/79.png,79,260
ipfs://QmTaY5MS9trVXjFywtxW4D927KDY5r2GWthvdnwE2u1TQ8/80.png,80,755
ipfs://QmTaY5MS9trVXjFywtxW4D927KDY5r2GWthvdnwE2u1TQ8/81.png,81,802
ipfs://QmTaY5MS9trVXjFywtxW4D927KDY5r2GWthvdnwE2u1TQ8/82.png,82,3
ipfs://QmTaY5MS9trVXjFywtxW4D927KDY5r2GWthvdnwE2u1TQ8/83.png,83,559
ipfs://QmTaY5MS9trVXjFywtxW4D927KDY5r2GWthvdnwE2u1TQ8/84.png,84,346
ipfs://QmTaY5MS9trVXjFywtxW4D927KDY5r2GWthvdnwE2u1TQ8/85.png,85,288
ipfs://QmTaY5MS9trVXjFywtxW4D927KDY5r2GWthvdnwE2u1TQ8/86.png,86,781
ipfs://QmTaY5MS9trVXjFywtxW4D927KDY5r2GWthvdnwE2u1TQ8/87.png,87,153
ipfs://QmTaY5MS9trVXjFywtxW4D927KDY5r2GWthvdnwE2u1TQ8/88.png,88,636
ipfs://QmTaY5MS9trVXjFywtxW4D927KDY5r2GWthvdnwE2u1TQ8/89.png,89,590
ipfs://QmTaY5MS9trVXjFywtxW4D927KDY5r2GWthvdnwE2u1TQ8/90.png,90,862
ipfs://QmTaY5MS9trVXjFywtxW4D927KDY5r2GWthvdnwE2u1TQ8/91.png,91,882
ipfs://QmTaY5MS9trVXjFywtxW4D927KDY5r2GWthvdnwE2u1TQ8/92.png,92,449
ipfs://QmTaY5MS9trVXjFywtxW4D927KDY5r2GWthvdnwE2u1TQ8/93.png,93,132
ipfs://QmTaY5MS9trVXjFywtxW4D927KDY5r2GWthvdnwE2u1TQ8/94.png,94,865
ipfs://QmTaY5MS9trVXjFywtxW4D927KDY5r2GWthvdnwE2u1TQ8/95.png,95,96
ipfs://QmTaY5MS9trVXjFywtxW4D927KDY5r2GWthvdnwE2u1TQ8/96.png,96,393
ipfs://QmTaY5MS9trVXjFywtxW4D927KDY5r2GWthvdnwE2u1TQ8/97.png,97,329
ipfs://QmTaY5MS9trVXjFywtxW4D927KDY5r2GWthvdnwE2u1TQ8/98.png,98,77
ipfs://QmTaY5MS9trVXjFywtxW4D927KDY5r2GWthvdnwE2u1TQ8/99.png,99,788
ipfs://QmTaY5MS9trVXjFywtxW4D927KDY5r2GWthvdnwE2u1TQ8/100.png,100,423
ipfs://QmTaY5MS9trVXjFywtxW4D927KDY5r2GWthvdnwE2u1TQ8/101.png,101,498
ipfs://QmTaY5MS9trVXjFywtxW4D927KDY5r2GWthvdnwE2u1TQ8/102.png,102,804
ipfs://QmTaY5MS9trVXjFywtxW4D927KDY5r2GWthvdnwE2u1TQ8/103.png,103,402
ipfs://QmTaY5MS9trVXjFywtxW4D927KDY5r2GWthvdnwE2u1TQ8/104.png,104,338
ipfs://QmTaY5MS9trVXjFywtxW4D927KDY5r2GWthvdnwE2u1TQ8/105.png,105,775
ipfs://QmTaY5MS9trVXjFywtxW4D927KDY5r2GWthvdnwE2u1TQ8/106.png,106,531
ipfs://QmTaY5MS9trVXjFywtxW4D927KDY5r2GWthvdnwE2u1TQ8/107.png,107,248
ipfs://QmTaY5MS9trVXjFywtxW4D927KDY5r2GWthvdnwE2u1TQ8/108.png,108,30
ipfs://QmTaY5MS9trVXjFywtxW4D927KDY5r2GWthvdnwE2u1TQ8/109.png,109,340
ipfs://QmTaY5MS9trVXjFywtxW4D927KDY5r2GWthvdnwE2u1TQ8/110.png,110,104
ipfs://QmTaY5MS9trVXjFywtxW4D927KDY5r2GWthvdnwE2u1TQ8/111.png,111,150
ipfs://QmTaY5MS9trVXjFywtxW4D927KDY5r2GWthvdnwE2u1TQ8/112.png,112,639
ipfs://QmTaY5MS9trVXjFywtxW4D927KDY5r2GWthvdnwE2u1TQ8/113.png,113,713
ipfs://QmTaY5MS9trVXjFywtxW4D927KDY5r2GWthvdnwE2u1TQ8/114.png,114,560
ipfs://QmTaY5MS9trVXjFywtxW4D927KDY5r2GWthvdnwE2u1TQ8/115.png,115,88
ipfs://QmTaY5MS9trVXjFywtxW4D927KDY5r2GWthvdnwE2u1TQ8/116.png,116,440
ipfs://QmTaY5MS9trVXjFywtxW4D927KDY5r2GWthvdnwE2u1TQ8/117.png,117,259
ipfs://QmTaY5MS9trVXjFywtxW4D927KDY5r2GWthvdnwE2u1TQ8/118.png,118,662
ipfs://QmTaY5MS9trVXjFywtxW4D927KDY5r2GWthvdnwE2u1TQ8/119.png,119,312
ipfs://QmTaY5MS9trVXjFywtxW4D927KDY5r2GWthvdnwE2u1TQ8/120.png,120,508
ipfs://QmTaY5MS9trVXjFywtxW4D927KDY5r2GWthvdnwE2u1TQ8/121.png,121,408
ipfs://QmTaY5MS9trVXjFywtxW4D927KDY5r2GWthvdnwE2u1TQ8/122.png,122,134
ipfs://QmTaY5MS9trVXjFywtxW4D927KDY5r2GWthvdnwE2u1TQ8/123.png,123,444
ipfs://QmTaY5MS9trVXjFywtxW4D927KDY5r2GWthvdnwE2u1TQ8/124.png,124,549
ipfs://QmTaY5MS9trVXjFywtxW4D927KDY5r2GWthvdnwE2u1TQ8/125.png,125,375
ipfs://QmTaY5MS9trVXjFywtxW4D927KDY5r2GWthvdnwE2u1TQ8/126.png,126,417
ipfs://QmTaY5MS9trVXjFywtxW4D927KDY5r2GWthvdnwE2u1TQ8/127.png,127,80
ipfs://QmTaY5MS9trVXjFywtxW4D927KDY5r2GWthvdnwE2u1TQ8/128.png,128,121
ipfs://QmTaY5MS9trVXjFywtxW4D927KDY5r2GWthvdnwE2u1TQ8/129.png,129,634
ipfs://QmTaY5MS9trVXjFywtxW4D927KDY5r2GWthvdnwE2u1TQ8/130.png,130,522
ipfs://QmTaY5MS9trVXjFywtxW4D927KDY5r2GWthvdnwE2u1TQ8/131.png,131,711
ipfs://QmTaY5MS9trVXjFywtxW4D927KDY5r2GWthvdnwE2u1TQ8/132.png,132,786
ipfs://QmTaY5MS9trVXjFywtxW4D927KDY5r2GWthvdnwE2u1TQ8/133.png,133,171
ipfs://QmTaY5MS9trVXjFywtxW4D927KDY5r2GWthvdnwE2u1TQ8/134.png,134,247
ipfs://QmTaY5MS9trVXjFywtxW4D927KDY5r2GWthvdnwE2u1TQ8/135.png,135,626
ipfs://QmTaY5MS9trVXjFywtxW4D927KDY5r2GWthvdnwE2u1TQ8/136.png,136,877
ipfs://QmTaY5MS9trVXjFywtxW4D927KDY5r2GWthvdnwE2u1TQ8/137.png,137,797
ipfs://QmTaY5MS9trVXjFywtxW4D927KDY5r2GWthvdnwE2u1TQ8/138.png,138,364
ipfs://QmTaY5MS9trVXjFywtxW4D927KDY5r2GWthvdnwE2u1TQ8/139.png,139,592
ipfs://QmTaY5MS9trVXjFywtxW4D927KDY5r2GWthvdnwE2u1TQ8/140.png,140,74
ipfs://QmTaY5MS9trVXjFywtxW4D927KDY5r2GWthvdnwE2u1TQ8/141.png,141,776
ipfs://QmTaY5MS9trVXjFywtxW4D927KDY5r2GWthvdnwE2u1TQ8/142.png,142,574
ipfs://QmTaY5MS9trVXjFywtxW4D927KDY5r2GWthvdnwE2u1TQ8/143.png,143,717
ipfs://QmTaY5MS9trVXjFywtxW4D927KDY5r2GWthvdnwE2u1TQ8/144.png,144,175
ipfs://QmTaY5MS9trVXjFywtxW4D927KDY5r2GWthvdnwE2u1TQ8/145.png,145,457
ipfs://QmTaY5MS9trVXjFywtxW4D927KDY5r2GWthvdnwE2u1TQ8/146.png,146,580
ipfs://QmTaY5MS9trVXjFywtxW4D927KDY5r2GWthvdnwE2u1TQ8/147.png,147,160
ipfs://QmTaY5MS9trVXjFywtxW4D927KDY5r2GWthvdnwE2u1TQ8/148.png,148,875
ipfs://QmTaY5MS9trVXjFywtxW4D927KDY5r2GWthvdnwE2u1TQ8/149.png,149,293
ipfs://QmTaY5MS9trVXjFywtxW4D927KDY5r2GWthvdnwE2u1TQ8/150.png,150,458
ipfs://QmTaY5MS9trVXjFywtxW4D927KDY5r2GWthvdnwE2u1TQ8/151.png,151,716
ipfs://QmTaY5MS9trVXjFywtxW4D927KDY5r2GWthvdnwE2u1TQ8/152.png,152,829
ipfs://QmTaY5MS9trVXjFywtxW4D927KDY5r2GWthvdnwE2u1TQ8/153.png,153,354
ipfs://QmTaY5MS9trVXjFywtxW4D927KDY5r2GWthvdnwE2u1TQ8/154.png,154,605
ipfs://QmTaY5MS9trVXjFywtxW4D927KDY5r2GWthvdnwE2u1TQ8/155.png,155,642
ipfs://QmTaY5MS9trVXjFywtxW4D927KDY5r2GWthvdnwE2u1TQ8/156.png,156,192
ipfs://QmTaY5MS9trVXjFywtxW4D927KDY5r2GWthvdnwE2u1TQ8/157.png,157,452
ipfs://QmTaY5MS9trVXjFywtxW4D927KDY5r2GWthvdnwE2u1TQ8/158.png,158,747
ipfs://QmTaY5MS9trVXjFywtxW4D927KDY5r2GWthvdnwE2u1TQ8/159.png,159,563
ipfs://QmTaY5MS9trVXjFywtxW4D927KDY5r2GWthvdnwE2u1TQ8/160.png,160,837
ipfs://QmTaY5MS9trVXjFywtxW4D927KDY5r2GWthvdnwE2u1TQ8/161.png,161,545
ipfs://QmTaY5MS9trVXjFywtxW4D927KDY5r2GWthvdnwE2u1TQ8/162.png,162,695
ipfs://QmTaY5MS9trVXjFywtxW4D927KDY5r2GWthvdnwE2u1TQ8/163.png,163,599
ipfs://QmTaY5MS9trVXjFywtxW4D927KDY5r2GWthvdnwE2u1TQ8/164.png,164,754
ipfs://QmTaY5MS9trVXjFywtxW4D927KDY5r2GWthvdnwE2u1TQ8/165.png,165,360
ipfs://QmTaY5MS9trVXjFywtxW4D927KDY5r2GWthvdnwE2u1TQ8/166.png,166,152
ipfs://QmTaY5MS9trVXjFywtxW4D927KDY5r2GWthvdnwE2u1TQ8/167.png,167,665
ipfs://QmTaY5MS9trVXjFywtxW4D927KDY5r2GWthvdnwE2u1TQ8/168.png,168,314
ipfs://QmTaY5MS9trVXjFywtxW4D927KDY5r2GWthvdnwE2u1TQ8/169.png,169,869
ipfs://QmTaY5MS9trVXjFywtxW4D927KDY5r2GWthvdnwE2u1TQ8/170.png,170,647
ipfs://QmTaY5MS9trVXjFywtxW4D927KDY5r2GWthvdnwE2u1TQ8/171.png,171,656
ipfs://QmTaY5MS9trVXjFywtxW4D927KDY5r2GWthvdnwE2u1TQ8/172.png,172,697
ipfs://QmTaY5MS9trVXjFywtxW4D927KDY5r2GWthvdnwE2u1TQ8/173.png,173,832
ipfs://QmTaY5MS9trVXjFywtxW4D927KDY5r2GWthvdnwE2u1TQ8/174.png,174,651
ipfs://QmTaY5MS9trVXjFywtxW4D927KDY5r2GWthvdnwE2u1TQ8/175.png,175,412
ipfs://QmTaY5MS9trVXjFywtxW4D927KDY5r2GWthvdnwE2u1TQ8/176.png,176,55
ipfs://QmTaY5MS9trVXjFywtxW4D927KDY5r2GWthvdnwE2u1TQ8/177.png,177,434
ipfs://QmTaY5MS9trVXjFywtxW4D927KDY5r2GWthvdnwE2u1TQ8/178.png,178,648
ipfs://QmTaY5MS9trVXjFywtxW4D927KDY5r2GWthvdnwE2u1TQ8/179.png,179,50
ipfs://QmTaY5MS9trVXjFywtxW4D927KDY5r2GWthvdnwE2u1TQ8/180.png,180,75
ipfs://QmTaY5MS9trVXjFywtxW4D927KDY5r2GWthvdnwE2u1TQ8/181.png,181,4
ipfs://QmTaY5MS9trVXjFywtxW4D927KDY5r2GWthvdnwE2u1TQ8/182.png,182,860
ipfs://QmTaY5MS9trVXjFywtxW4D927KDY5r2GWthvdnwE2u1TQ8/183.png,183,632
ipfs://QmTaY5MS9trVXjFywtxW4D927KDY5r2GWthvdnwE2u1TQ8/184.png,184,72
ipfs://QmTaY5MS9trVXjFywtxW4D927KDY5r2GWthvdnwE2u1TQ8/185.png,185,162
ipfs://QmTaY5MS9trVXjFywtxW4D927KDY5r2GWthvdnwE2u1TQ8/186.png,186,177
ipfs://QmTaY5MS9trVXjFywtxW4D927KDY5r2GWthvdnwE2u1TQ8/187.png,187,169
ipfs://QmTaY5MS9trVXjFywtxW4D927KDY5r2GWthvdnwE2u1TQ8/188.png,188,500
ipfs://QmTaY5MS9trVXjFywtxW4D927KDY5r2GWthvdnwE2u1TQ8/189.png,189,878
ipfs://QmTaY5MS9trVXjFywtxW4D927KDY5r2GWthvdnwE2u1TQ8/190.png,190,499
ipfs://QmTaY5MS9trVXjFywtxW4D927KDY5r2GWthvdnwE2u1TQ8/191.png,191,864
ipfs://QmTaY5MS9trVXjFywtxW4D927KDY5r2GWthvdnwE2u1TQ8/192.png,192,831
ipfs://QmTaY5MS9trVXjFywtxW4D927KDY5r2GWthvdnwE2u1TQ8/193.png,193,185
ipfs://QmTaY5MS9trVXjFywtxW4D927KDY5r2GWthvdnwE2u1TQ8/194.png,194,28
ipfs://QmTaY5MS9trVXjFywtxW4D927KDY5r2GWthvdnwE2u1TQ8/195.png,195,809
ipfs://QmTaY5MS9trVXjFywtxW4D927KDY5r2GWthvdnwE2u1TQ8/196.png,196,224
ipfs://QmTaY5MS9trVXjFywtxW4D927KDY5r2GWthvdnwE2u1TQ8/197.png,197,873
ipfs://QmTaY5MS9trVXjFywtxW4D927KDY5r2GWthvdnwE2u1TQ8/198.png,198,657
ipfs://QmTaY5MS9trVXjFywtxW4D927KDY5r2GWthvdnwE2u1TQ8/199.png,199,182
ipfs://QmTaY5MS9trVXjFywtxW4D927KDY5r2GWthvdnwE2u1TQ8/200.png,200,305
ipfs://QmTaY5MS9trVXjFywtxW4D927KDY5r2GWthvdnwE2u1TQ8/201.png,201,246
ipfs://QmTaY5MS9trVXjFywtxW4D927KDY5r2GWthvdnwE2u1TQ8/202.png,202,465
ipfs://QmTaY5MS9trVXjFywtxW4D927KDY5r2GWthvdnwE2u1TQ8/203.png,203,41
ipfs://QmTaY5MS9trVXjFywtxW4D927KDY5r2GWthvdnwE2u1TQ8/204.png,204,255
ipfs://QmTaY5MS9trVXjFywtxW4D927KDY5r2GWthvdnwE2u1TQ8/205.png,205,694
ipfs://QmTaY5MS9trVXjFywtxW4D927KDY5r2GWthvdnwE2u1TQ8/206.png,206,785
ipfs://QmTaY5MS9trVXjFywtxW4D927KDY5r2GWthvdnwE2u1TQ8/207.png,207,384
ipfs://QmTaY5MS9trVXjFywtxW4D927KDY5r2GWthvdnwE2u1TQ8/208.png,208,356
ipfs://QmTaY5MS9trVXjFywtxW4D927KDY5r2GWthvdnwE2u1TQ8/209.png,209,311
ipfs://QmTaY5MS9trVXjFywtxW4D927KDY5r2GWthvdnwE2u1TQ8/210.png,210,816
ipfs://QmTaY5MS9trVXjFywtxW4D927KDY5r2GWthvdnwE2u1TQ8/211.png,211,575
ipfs://QmTaY5MS9trVXjFywtxW4D927KDY5r2GWthvdnwE2u1TQ8/212.png,212,148
ipfs://QmTaY5MS9trVXjFywtxW4D927KDY5r2GWthvdnwE2u1TQ8/213.png,213,615
ipfs://QmTaY5MS9trVXjFywtxW4D927KDY5r2GWthvdnwE2u1TQ8/214.png,214,743
ipfs://QmTaY5MS9trVXjFywtxW4D927KDY5r2GWthvdnwE2u1TQ8/215.png,215,29
ipfs://QmTaY5MS9trVXjFywtxW4D927KDY5r2GWthvdnwE2u1TQ8/216.png,216,822
ipfs://QmTaY5MS9trVXjFywtxW4D927KDY5r2GWthvdnwE2u1TQ8/217.png,217,504
ipfs://QmTaY5MS9trVXjFywtxW4D927KDY5r2GWthvdnwE2u1TQ8/218.png,218,880
ipfs://QmTaY5MS9trVXjFywtxW4D927KDY5r2GWthvdnwE2u1TQ8/219.png,219,462
ipfs://QmTaY5MS9trVXjFywtxW4D927KDY5r2GWthvdnwE2u1TQ8/220.png,220,819
ipfs://QmTaY5MS9trVXjFywtxW4D927KDY5r2GWthvdnwE2u1TQ8/221.png,221,170
ipfs://QmTaY5MS9trVXjFywtxW4D927KDY5r2GWthvdnwE2u1TQ8/222.png,222,735
ipfs://QmTaY5MS9trVXjFywtxW4D927KDY5r2GWthvdnwE2u1TQ8/223.png,223,854
ipfs://QmTaY5MS9trVXjFywtxW4D927KDY5r2GWthvdnwE2u1TQ8/224.png,224,572
ipfs://QmTaY5MS9trVXjFywtxW4D927KDY5r2GWthvdnwE2u1TQ8/225.png,225,5
ipfs://QmTaY5MS9trVXjFywtxW4D927KDY5r2GWthvdnwE2u1TQ8/226.png,226,345
ipfs://QmTaY5MS9trVXjFywtxW4D927KDY5r2GWthvdnwE2u1TQ8/227.png,227,445
ipfs://QmTaY5MS9trVXjFywtxW4D927KDY5r2GWthvdnwE2u1TQ8/228.png,228,82
ipfs://QmTaY5MS9trVXjFywtxW4D927KDY5r2GWthvdnwE2u1TQ8/229.png,229,835
ipfs://QmTaY5MS9trVXjFywtxW4D927KDY5r2GWthvdnwE2u1TQ8/230.png,230,422
ipfs://QmTaY5MS9trVXjFywtxW4D927KDY5r2GWthvdnwE2u1TQ8/231.png,231,501
ipfs://QmTaY5MS9trVXjFywtxW4D927KDY5r2GWthvdnwE2u1TQ8/232.png,232,325
ipfs://QmTaY5MS9trVXjFywtxW4D927KDY5r2GWthvdnwE2u1TQ8/233.png,233,718
ipfs://QmTaY5MS9trVXjFywtxW4D927KDY5r2GWthvdnwE2u1TQ8/234.png,234,564
ipfs://QmTaY5MS9trVXjFywtxW4D927KDY5r2GWthvdnwE2u1TQ8/235.png,235,759
ipfs://QmTaY5MS9trVXjFywtxW4D927KDY5r2GWthvdnwE2u1TQ8/236.png,236,189
ipfs://QmTaY5MS9trVXjFywtxW4D927KDY5r2GWthvdnwE2u1TQ8/237.png,237,581
ipfs://QmTaY5MS9trVXjFywtxW4D927KDY5r2GWthvdnwE2u1TQ8/238.png,238,27
ipfs://QmTaY5MS9trVXjFywtxW4D927KDY5r2GWthvdnwE2u1TQ8/239.png,239,174
ipfs://QmTaY5MS9trVXjFywtxW4D927KDY5r2GWthvdnwE2u1TQ8/240.png,240,840
ipfs://QmTaY5MS9trVXjFywtxW4D927KDY5r2GWthvdnwE2u1TQ8/241.png,241,47
ipfs://QmTaY5MS9trVXjFywtxW4D927KDY5r2GWthvdnwE2u1TQ8/242.png,242,820
ipfs://QmTaY5MS9trVXjFywtxW4D927KDY5r2GWthvdnwE2u1TQ8/243.png,243,107
ipfs://QmTaY5MS9trVXjFywtxW4D927KDY5r2GWthvdnwE2u1TQ8/244.png,244,36
ipfs://QmTaY5MS9trVXjFywtxW4D927KDY5r2GWthvdnwE2u1TQ8/245.png,245,6
ipfs://QmTaY5MS9trVXjFywtxW4D927KDY5r2GWthvdnwE2u1TQ8/246.png,246,220
ipfs://QmTaY5MS9trVXjFywtxW4D927KDY5r2GWthvdnwE2u1TQ8/247.png,247,56
ipfs://QmTaY5MS9trVXjFywtxW4D927KDY5r2GWthvdnwE2u1TQ8/248.png,248,859
ipfs://QmTaY5MS9trVXjFywtxW4D927KDY5r2GWthvdnwE2u1TQ8/249.png,249,321
ipfs://QmTaY5MS9trVXjFywtxW4D927KDY5r2GWthvdnwE2u1TQ8/250.png,250,379
ipfs://QmTaY5MS9trVXjFywtxW4D927KDY5r2GWthvdnwE2u1TQ8/251.png,251,140
ipfs://QmTaY5MS9trVXjFywtxW4D927KDY5r2GWthvdnwE2u1TQ8/252.png,252,514
ipfs://QmTaY5MS9trVXjFywtxW4D927KDY5r2GWthvdnwE2u1TQ8/253.png,253,689
ipfs://QmTaY5MS9trVXjFywtxW4D927KDY5r2GWthvdnwE2u1TQ8/254.png,254,194
ipfs://QmTaY5MS9trVXjFywtxW4D927KDY5r2GWthvdnwE2u1TQ8/255.png,255,567
ipfs://QmTaY5MS9trVXjFywtxW4D927KDY5r2GWthvdnwE2u1TQ8/256.png,256,553
ipfs://QmTaY5MS9trVXjFywtxW4D927KDY5r2GWthvdnwE2u1TQ8/257.png,257,250
ipfs://QmTaY5MS9trVXjFywtxW4D927KDY5r2GWthvdnwE2u1TQ8/258.png,258,782
ipfs://QmTaY5MS9trVXjFywtxW4D927KDY5r2GWthvdnwE2u1TQ8/259.png,259,252
ipfs://QmTaY5MS9trVXjFywtxW4D927KDY5r2GWthvdnwE2u1TQ8/260.png,260,794
ipfs://QmTaY5MS9trVXjFywtxW4D927KDY5r2GWthvdnwE2u1TQ8/261.png,261,791
ipfs://QmTaY5MS9trVXjFywtxW4D927KDY5r2GWthvdnwE2u1TQ8/262.png,262,637
ipfs://QmTaY5MS9trVXjFywtxW4D927KDY5r2GWthvdnwE2u1TQ8/263.png,263,267
ipfs://QmTaY5MS9trVXjFywtxW4D927KDY5r2GWthvdnwE2u1TQ8/264.png,264,841
ipfs://QmTaY5MS9trVXjFywtxW4D927KDY5r2GWthvdnwE2u1TQ8/265.png,265,409
ipfs://QmTaY5MS9trVXjFywtxW4D927KDY5r2GWthvdnwE2u1TQ8/266.png,266,796
ipfs://QmTaY5MS9trVXjFywtxW4D927KDY5r2GWthvdnwE2u1TQ8/267.png,267,667
ipfs://QmTaY5MS9trVXjFywtxW4D927KDY5r2GWthvdnwE2u1TQ8/268.png,268,172
ipfs://QmTaY5MS9trVXjFywtxW4D927KDY5r2GWthvdnwE2u1TQ8/269.png,269,467
ipfs://QmTaY5MS9trVXjFywtxW4D927KDY5r2GWthvdnwE2u1TQ8/270.png,270,670
ipfs://QmTaY5MS9trVXjFywtxW4D927KDY5r2GWthvdnwE2u1TQ8/271.png,271,173
ipfs://QmTaY5MS9trVXjFywtxW4D927KDY5r2GWthvdnwE2u1TQ8/272.png,272,166
ipfs://QmTaY5MS9trVXjFywtxW4D927KDY5r2GWthvdnwE2u1TQ8/273.png,273,108
ipfs://QmTaY5MS9trVXjFywtxW4D927KDY5r2GWthvdnwE2u1TQ8/274.png,274,76
ipfs://QmTaY5MS9trVXjFywtxW4D927KDY5r2GWthvdnwE2u1TQ8/275.png,275,817
ipfs://QmTaY5MS9trVXjFywtxW4D927KDY5r2GWthvdnwE2u1TQ8/276.png,276,744
ipfs://QmTaY5MS9trVXjFywtxW4D927KDY5r2GWthvdnwE2u1TQ8/277.png,277,842
ipfs://QmTaY5MS9trVXjFywtxW4D927KDY5r2GWthvdnwE2u1TQ8/278.png,278,7
ipfs://QmTaY5MS9trVXjFywtxW4D927KDY5r2GWthvdnwE2u1TQ8/279.png,279,188
ipfs://QmTaY5MS9trVXjFywtxW4D927KDY5r2GWthvdnwE2u1TQ8/280.png,280,198
ipfs://QmTaY5MS9trVXjFywtxW4D927KDY5r2GWthvdnwE2u1TQ8/281.png,281,133
ipfs://QmTaY5MS9trVXjFywtxW4D927KDY5r2GWthvdnwE2u1TQ8/282.png,282,213
ipfs://QmTaY5MS9trVXjFywtxW4D927KDY5r2GWthvdnwE2u1TQ8/283.png,283,333
ipfs://QmTaY5MS9trVXjFywtxW4D927KDY5r2GWthvdnwE2u1TQ8/284.png,284,852
ipfs://QmTaY5MS9trVXjFywtxW4D927KDY5r2GWthvdnwE2u1TQ8/285.png,285,534
ipfs://QmTaY5MS9trVXjFywtxW4D927KDY5r2GWthvdnwE2u1TQ8/286.png,286,653
ipfs://QmTaY5MS9trVXjFywtxW4D927KDY5r2GWthvdnwE2u1TQ8/287.png,287,301
ipfs://QmTaY5MS9trVXjFywtxW4D927KDY5r2GWthvdnwE2u1TQ8/288.png,288,479
ipfs://QmTaY5MS9trVXjFywtxW4D927KDY5r2GWthvdnwE2u1TQ8/289.png,289,540
ipfs://QmTaY5MS9trVXjFywtxW4D927KDY5r2GWthvdnwE2u1TQ8/290.png,290,723
ipfs://QmTaY5MS9trVXjFywtxW4D927KDY5r2GWthvdnwE2u1TQ8/291.png,291,774
ipfs://QmTaY5MS9trVXjFywtxW4D927KDY5r2GWthvdnwE2u1TQ8/292.png,292,105
ipfs://QmTaY5MS9trVXjFywtxW4D927KDY5r2GWthvdnwE2u1TQ8/293.png,293,846
ipfs://QmTaY5MS9trVXjFywtxW4D927KDY5r2GWthvdnwE2u1TQ8/294.png,294,193
ipfs://QmTaY5MS9trVXjFywtxW4D927KDY5r2GWthvdnwE2u1TQ8/295.png,295,42
ipfs://QmTaY5MS9trVXjFywtxW4D927KDY5r2GWthvdnwE2u1TQ8/296.png,296,93
ipfs://QmTaY5MS9trVXjFywtxW4D927KDY5r2GWthvdnwE2u1TQ8/297.png,297,585
ipfs://QmTaY5MS9trVXjFywtxW4D927KDY5r2GWthvdnwE2u1TQ8/298.png,298,589
ipfs://QmTaY5MS9trVXjFywtxW4D927KDY5r2GWthvdnwE2u1TQ8/299.png,299,51
ipfs://QmTaY5MS9trVXjFywtxW4D927KDY5r2GWthvdnwE2u1TQ8/300.png,300,473
ipfs://QmTaY5MS9trVXjFywtxW4D927KDY5r2GWthvdnwE2u1TQ8/301.png,301,269
ipfs://QmTaY5MS9trVXjFywtxW4D927KDY5r2GWthvdnwE2u1TQ8/302.png,302,280
ipfs://QmTaY5MS9trVXjFywtxW4D927KDY5r2GWthvdnwE2u1TQ8/303.png,303,386
ipfs://QmTaY5MS9trVXjFywtxW4D927KDY5r2GWthvdnwE2u1TQ8/304.png,304,98
ipfs://QmTaY5MS9trVXjFywtxW4D927KDY5r2GWthvdnwE2u1TQ8/305.png,305,719
ipfs://QmTaY5MS9trVXjFywtxW4D927KDY5r2GWthvdnwE2u1TQ8/306.png,306,339
ipfs://QmTaY5MS9trVXjFywtxW4D927KDY5r2GWthvdnwE2u1TQ8/307.png,307,199
ipfs://QmTaY5MS9trVXjFywtxW4D927KDY5r2GWthvdnwE2u1TQ8/308.png,308,58
ipfs://QmTaY5MS9trVXjFywtxW4D927KDY5r2GWthvdnwE2u1TQ8/309.png,309,685
ipfs://QmTaY5MS9trVXjFywtxW4D927KDY5r2GWthvdnwE2u1TQ8/310.png,310,536
ipfs://QmTaY5MS9trVXjFywtxW4D927KDY5r2GWthvdnwE2u1TQ8/311.png,311,168
ipfs://QmTaY5MS9trVXjFywtxW4D927KDY5r2GWthvdnwE2u1TQ8/312.png,312,604
ipfs://QmTaY5MS9trVXjFywtxW4D927KDY5r2GWthvdnwE2u1TQ8/313.png,313,159
ipfs://QmTaY5MS9trVXjFywtxW4D927KDY5r2GWthvdnwE2u1TQ8/314.png,314,529
ipfs://QmTaY5MS9trVXjFywtxW4D927KDY5r2GWthvdnwE2u1TQ8/315.png,315,823
ipfs://QmTaY5MS9trVXjFywtxW4D927KDY5r2GWthvdnwE2u1TQ8/316.png,316,475
ipfs://QmTaY5MS9trVXjFywtxW4D927KDY5r2GWthvdnwE2u1TQ8/317.png,317,86
ipfs://QmTaY5MS9trVXjFywtxW4D927KDY5r2GWthvdnwE2u1TQ8/318.png,318,779
ipfs://QmTaY5MS9trVXjFywtxW4D927KDY5r2GWthvdnwE2u1TQ8/319.png,319,649
ipfs://QmTaY5MS9trVXjFywtxW4D927KDY5r2GWthvdnwE2u1TQ8/320.png,320,330
ipfs://QmTaY5MS9trVXjFywtxW4D927KDY5r2GWthvdnwE2u1TQ8/321.png,321,395
ipfs://QmTaY5MS9trVXjFywtxW4D927KDY5r2GWthvdnwE2u1TQ8/322.png,322,249
ipfs://QmTaY5MS9trVXjFywtxW4D927KDY5r2GWthvdnwE2u1TQ8/323.png,323,234
ipfs://QmTaY5MS9trVXjFywtxW4D927KDY5r2GWthvdnwE2u1TQ8/324.png,324,99
ipfs://QmTaY5MS9trVXjFywtxW4D927KDY5r2GWthvdnwE2u1TQ8/325.png,325,443
ipfs://QmTaY5MS9trVXjFywtxW4D927KDY5r2GWthvdnwE2u1TQ8/326.png,326,614
ipfs://QmTaY5MS9trVXjFywtxW4D927KDY5r2GWthvdnwE2u1TQ8/327.png,327,698
ipfs://QmTaY5MS9trVXjFywtxW4D927KDY5r2GWthvdnwE2u1TQ8/328.png,328,594
ipfs://QmTaY5MS9trVXjFywtxW4D927KDY5r2GWthvdnwE2u1TQ8/329.png,329,491
ipfs://QmTaY5MS9trVXjFywtxW4D927KDY5r2GWthvdnwE2u1TQ8/330.png,330,659
ipfs://QmTaY5MS9trVXjFywtxW4D927KDY5r2GWthvdnwE2u1TQ8/331.png,331,455
ipfs://QmTaY5MS9trVXjFywtxW4D927KDY5r2GWthvdnwE2u1TQ8/332.png,332,628
ipfs://QmTaY5MS9trVXjFywtxW4D927KDY5r2GWthvdnwE2u1TQ8/333.png,333,432
ipfs://QmTaY5MS9trVXjFywtxW4D927KDY5r2GWthvdnwE2u1TQ8/334.png,334,676
ipfs://QmTaY5MS9trVXjFywtxW4D927KDY5r2GWthvdnwE2u1TQ8/335.png,335,798
ipfs://QmTaY5MS9trVXjFywtxW4D927KDY5r2GWthvdnwE2u1TQ8/336.png,336,257
ipfs://QmTaY5MS9trVXjFywtxW4D927KDY5r2GWthvdnwE2u1TQ8/337.png,337,610
ipfs://QmTaY5MS9trVXjFywtxW4D927KDY5r2GWthvdnwE2u1TQ8/338.png,338,706
ipfs://QmTaY5MS9trVXjFywtxW4D927KDY5r2GWthvdnwE2u1TQ8/339.png,339,369
ipfs://QmTaY5MS9trVXjFywtxW4D927KDY5r2GWthvdnwE2u1TQ8/340.png,340,861
ipfs://QmTaY5MS9trVXjFywtxW4D927KDY5r2GWthvdnwE2u1TQ8/341.png,341,520
ipfs://QmTaY5MS9trVXjFywtxW4D927KDY5r2GWthvdnwE2u1TQ8/342.png,342,78
ipfs://QmTaY5MS9trVXjFywtxW4D927KDY5r2GWthvdnwE2u1TQ8/343.png,343,383
ipfs://QmTaY5MS9trVXjFywtxW4D927KDY5r2GWthvdnwE2u1TQ8/344.png,344,119
ipfs://QmTaY5MS9trVXjFywtxW4D927KDY5r2GWthvdnwE2u1TQ8/345.png,345,219
ipfs://QmTaY5MS9trVXjFywtxW4D927KDY5r2GWthvdnwE2u1TQ8/346.png,346,686
ipfs://QmTaY5MS9trVXjFywtxW4D927KDY5r2GWthvdnwE2u1TQ8/347.png,347,451
ipfs://QmTaY5MS9trVXjFywtxW4D927KDY5r2GWthvdnwE2u1TQ8/348.png,348,542
ipfs://QmTaY5MS9trVXjFywtxW4D927KDY5r2GWthvdnwE2u1TQ8/349.png,349,156
ipfs://QmTaY5MS9trVXjFywtxW4D927KDY5r2GWthvdnwE2u1TQ8/350.png,350,884
ipfs://QmTaY5MS9trVXjFywtxW4D927KDY5r2GWthvdnwE2u1TQ8/351.png,351,555
ipfs://QmTaY5MS9trVXjFywtxW4D927KDY5r2GWthvdnwE2u1TQ8/352.png,352,358
ipfs://QmTaY5MS9trVXjFywtxW4D927KDY5r2GWthvdnwE2u1TQ8/353.png,353,627
ipfs://QmTaY5MS9trVXjFywtxW4D927KDY5r2GWthvdnwE2u1TQ8/354.png,354,245
ipfs://QmTaY5MS9trVXjFywtxW4D927KDY5r2GWthvdnwE2u1TQ8/355.png,355,857
ipfs://QmTaY5MS9trVXjFywtxW4D927KDY5r2GWthvdnwE2u1TQ8/356.png,356,867
ipfs://QmTaY5MS9trVXjFywtxW4D927KDY5r2GWthvdnwE2u1TQ8/357.png,357,810
ipfs://QmTaY5MS9trVXjFywtxW4D927KDY5r2GWthvdnwE2u1TQ8/358.png,358,382
ipfs://QmTaY5MS9trVXjFywtxW4D927KDY5r2GWthvdnwE2u1TQ8/359.png,359,815
ipfs://QmTaY5MS9trVXjFywtxW4D927KDY5r2GWthvdnwE2u1TQ8/360.png,360,813
ipfs://QmTaY5MS9trVXjFywtxW4D927KDY5r2GWthvdnwE2u1TQ8/361.png,361,807
ipfs://QmTaY5MS9trVXjFywtxW4D927KDY5r2GWthvdnwE2u1TQ8/362.png,362,460
ipfs://QmTaY5MS9trVXjFywtxW4D927KDY5r2GWthvdnwE2u1TQ8/363.png,363,756
ipfs://QmTaY5MS9trVXjFywtxW4D927KDY5r2GWthvdnwE2u1TQ8/364.png,364,66
ipfs://QmTaY5MS9trVXjFywtxW4D927KDY5r2GWthvdnwE2u1TQ8/365.png,365,582
ipfs://QmTaY5MS9trVXjFywtxW4D927KDY5r2GWthvdnwE2u1TQ8/366.png,366,618
ipfs://QmTaY5MS9trVXjFywtxW4D927KDY5r2GWthvdnwE2u1TQ8/367.png,367,617
ipfs://QmTaY5MS9trVXjFywtxW4D927KDY5r2GWthvdnwE2u1TQ8/368.png,368,714
ipfs://QmTaY5MS9trVXjFywtxW4D927KDY5r2GWthvdnwE2u1TQ8/369.png,369,480
ipfs://QmTaY5MS9trVXjFywtxW4D927KDY5r2GWthvdnwE2u1TQ8/370.png,370,709
ipfs://QmTaY5MS9trVXjFywtxW4D927KDY5r2GWthvdnwE2u1TQ8/371.png,371,135
ipfs://QmTaY5MS9trVXjFywtxW4D927KDY5r2GWthvdnwE2u1TQ8/372.png,372,8
ipfs://QmTaY5MS9trVXjFywtxW4D927KDY5r2GWthvdnwE2u1TQ8/373.png,373,472
ipfs://QmTaY5MS9trVXjFywtxW4D927KDY5r2GWthvdnwE2u1TQ8/374.png,374,519
ipfs://QmTaY5MS9trVXjFywtxW4D927KDY5r2GWthvdnwE2u1TQ8/375.png,375,546
ipfs://QmTaY5MS9trVXjFywtxW4D927KDY5r2GWthvdnwE2u1TQ8/376.png,376,669
ipfs://QmTaY5MS9trVXjFywtxW4D927KDY5r2GWthvdnwE2u1TQ8/377.png,377,679
ipfs://QmTaY5MS9trVXjFywtxW4D927KDY5r2GWthvdnwE2u1TQ8/378.png,378,772
ipfs://QmTaY5MS9trVXjFywtxW4D927KDY5r2GWthvdnwE2u1TQ8/379.png,379,9
ipfs://QmTaY5MS9trVXjFywtxW4D927KDY5r2GWthvdnwE2u1TQ8/380.png,380,10
ipfs://QmTaY5MS9trVXjFywtxW4D927KDY5r2GWthvdnwE2u1TQ8/381.png,381,46
ipfs://QmTaY5MS9trVXjFywtxW4D927KDY5r2GWthvdnwE2u1TQ8/382.png,382,650
ipfs://QmTaY5MS9trVXjFywtxW4D927KDY5r2GWthvdnwE2u1TQ8/383.png,383,871
ipfs://QmTaY5MS9trVXjFywtxW4D927KDY5r2GWthvdnwE2u1TQ8/384.png,384,740
ipfs://QmTaY5MS9trVXjFywtxW4D927KDY5r2GWthvdnwE2u1TQ8/385.png,385,253
ipfs://QmTaY5MS9trVXjFywtxW4D927KDY5r2GWthvdnwE2u1TQ8/386.png,386,31
ipfs://QmTaY5MS9trVXjFywtxW4D927KDY5r2GWthvdnwE2u1TQ8/387.png,387,190
ipfs://QmTaY5MS9trVXjFywtxW4D927KDY5r2GWthvdnwE2u1TQ8/388.png,388,843
ipfs://QmTaY5MS9trVXjFywtxW4D927KDY5r2GWthvdnwE2u1TQ8/389.png,389,715
ipfs://QmTaY5MS9trVXjFywtxW4D927KDY5r2GWthvdnwE2u1TQ8/390.png,390,117
ipfs://QmTaY5MS9trVXjFywtxW4D927KDY5r2GWthvdnwE2u1TQ8/391.png,391,601
ipfs://QmTaY5MS9trVXjFywtxW4D927KDY5r2GWthvdnwE2u1TQ8/392.png,392,870
ipfs://QmTaY5MS9trVXjFywtxW4D927KDY5r2GWthvdnwE2u1TQ8/393.png,393,847
ipfs://QmTaY5MS9trVXjFywtxW4D927KDY5r2GWthvdnwE2u1TQ8/394.png,394,866
ipfs://QmTaY5MS9trVXjFywtxW4D927KDY5r2GWthvdnwE2u1TQ8/395.png,395,349
ipfs://QmTaY5MS9trVXjFywtxW4D927KDY5r2GWthvdnwE2u1TQ8/396.png,396,69
ipfs://QmTaY5MS9trVXjFywtxW4D927KDY5r2GWthvdnwE2u1TQ8/397.png,397,600
ipfs://QmTaY5MS9trVXjFywtxW4D927KDY5r2GWthvdnwE2u1TQ8/398.png,398,764
ipfs://QmTaY5MS9trVXjFywtxW4D927KDY5r2GWthvdnwE2u1TQ8/399.png,399,537
ipfs://QmTaY5MS9trVXjFywtxW4D927KDY5r2GWthvdnwE2u1TQ8/400.png,400,497
ipfs://QmTaY5MS9trVXjFywtxW4D927KDY5r2GWthvdnwE2u1TQ8/401.png,401,49
ipfs://QmTaY5MS9trVXjFywtxW4D927KDY5r2GWthvdnwE2u1TQ8/402.png,402,291
ipfs://QmTaY5MS9trVXjFywtxW4D927KDY5r2GWthvdnwE2u1TQ8/403.png,403,687
ipfs://QmTaY5MS9trVXjFywtxW4D927KDY5r2GWthvdnwE2u1TQ8/404.png,404,753
ipfs://QmTaY5MS9trVXjFywtxW4D927KDY5r2GWthvdnwE2u1TQ8/405.png,405,811
ipfs://QmTaY5MS9trVXjFywtxW4D927KDY5r2GWthvdnwE2u1TQ8/406.png,406,524
ipfs://QmTaY5MS9trVXjFywtxW4D927KDY5r2GWthvdnwE2u1TQ8/407.png,407,704
ipfs://QmTaY5MS9trVXjFywtxW4D927KDY5r2GWthvdnwE2u1TQ8/408.png,408,230
ipfs://QmTaY5MS9trVXjFywtxW4D927KDY5r2GWthvdnwE2u1TQ8/409.png,409,298
ipfs://QmTaY5MS9trVXjFywtxW4D927KDY5r2GWthvdnwE2u1TQ8/410.png,410,89
ipfs://QmTaY5MS9trVXjFywtxW4D927KDY5r2GWthvdnwE2u1TQ8/411.png,411,506
ipfs://QmTaY5MS9trVXjFywtxW4D927KDY5r2GWthvdnwE2u1TQ8/412.png,412,887
ipfs://QmTaY5MS9trVXjFywtxW4D927KDY5r2GWthvdnwE2u1TQ8/413.png,413,630
ipfs://QmTaY5MS9trVXjFywtxW4D927KDY5r2GWthvdnwE2u1TQ8/414.png,414,660
ipfs://QmTaY5MS9trVXjFywtxW4D927KDY5r2GWthvdnwE2u1TQ8/415.png,415,863
ipfs://QmTaY5MS9trVXjFywtxW4D927KDY5r2GWthvdnwE2u1TQ8/416.png,416,208
ipfs://QmTaY5MS9trVXjFywtxW4D927KDY5r2GWthvdnwE2u1TQ8/417.png,417,474
ipfs://QmTaY5MS9trVXjFywtxW4D927KDY5r2GWthvdnwE2u1TQ8/418.png,418,535
ipfs://QmTaY5MS9trVXjFywtxW4D927KDY5r2GWthvdnwE2u1TQ8/419.png,419,471
ipfs://QmTaY5MS9trVXjFywtxW4D927KDY5r2GWthvdnwE2u1TQ8/420.png,420,11
ipfs://QmTaY5MS9trVXjFywtxW4D927KDY5r2GWthvdnwE2u1TQ8/421.png,421,122
ipfs://QmTaY5MS9trVXjFywtxW4D927KDY5r2GWthvdnwE2u1TQ8/422.png,422,157
ipfs://QmTaY5MS9trVXjFywtxW4D927KDY5r2GWthvdnwE2u1TQ8/423.png,423,845
ipfs://QmTaY5MS9trVXjFywtxW4D927KDY5r2GWthvdnwE2u1TQ8/424.png,424,419
ipfs://QmTaY5MS9trVXjFywtxW4D927KDY5r2GWthvdnwE2u1TQ8/425.png,425,699
ipfs://QmTaY5MS9trVXjFywtxW4D927KDY5r2GWthvdnwE2u1TQ8/426.png,426,783
ipfs://QmTaY5MS9trVXjFywtxW4D927KDY5r2GWthvdnwE2u1TQ8/427.png,427,207
ipfs://QmTaY5MS9trVXjFywtxW4D927KDY5r2GWthvdnwE2u1TQ8/428.png,428,495
ipfs://QmTaY5MS9trVXjFywtxW4D927KDY5r2GWthvdnwE2u1TQ8/429.png,429,303
ipfs://QmTaY5MS9trVXjFywtxW4D927KDY5r2GWthvdnwE2u1TQ8/430.png,430,331
ipfs://QmTaY5MS9trVXjFywtxW4D927KDY5r2GWthvdnwE2u1TQ8/431.png,431,149
ipfs://QmTaY5MS9trVXjFywtxW4D927KDY5r2GWthvdnwE2u1TQ8/432.png,432,337
ipfs://QmTaY5MS9trVXjFywtxW4D927KDY5r2GWthvdnwE2u1TQ8/433.png,433,728
ipfs://QmTaY5MS9trVXjFywtxW4D927KDY5r2GWthvdnwE2u1TQ8/434.png,434,640
ipfs://QmTaY5MS9trVXjFywtxW4D927KDY5r2GWthvdnwE2u1TQ8/435.png,435,361
ipfs://QmTaY5MS9trVXjFywtxW4D927KDY5r2GWthvdnwE2u1TQ8/436.png,436,561
ipfs://QmTaY5MS9trVXjFywtxW4D927KDY5r2GWthvdnwE2u1TQ8/437.png,437,727
ipfs://QmTaY5MS9trVXjFywtxW4D927KDY5r2GWthvdnwE2u1TQ8/438.png,438,277
ipfs://QmTaY5MS9trVXjFywtxW4D927KDY5r2GWthvdnwE2u1TQ8/439.png,439,849
ipfs://QmTaY5MS9trVXjFywtxW4D927KDY5r2GWthvdnwE2u1TQ8/440.png,440,106
ipfs://QmTaY5MS9trVXjFywtxW4D927KDY5r2GWthvdnwE2u1TQ8/441.png,441,228
ipfs://QmTaY5MS9trVXjFywtxW4D927KDY5r2GWthvdnwE2u1TQ8/442.png,442,814
ipfs://QmTaY5MS9trVXjFywtxW4D927KDY5r2GWthvdnwE2u1TQ8/443.png,443,306
ipfs://QmTaY5MS9trVXjFywtxW4D927KDY5r2GWthvdnwE2u1TQ8/444.png,444,763
ipfs://QmTaY5MS9trVXjFywtxW4D927KDY5r2GWthvdnwE2u1TQ8/445.png,445,731
ipfs://QmTaY5MS9trVXjFywtxW4D927KDY5r2GWthvdnwE2u1TQ8/446.png,446,450
ipfs://QmTaY5MS9trVXjFywtxW4D927KDY5r2GWthvdnwE2u1TQ8/447.png,447,413
ipfs://QmTaY5MS9trVXjFywtxW4D927KDY5r2GWthvdnwE2u1TQ8/448.png,448,398
ipfs://QmTaY5MS9trVXjFywtxW4D927KDY5r2GWthvdnwE2u1TQ8/449.png,449,603
ipfs://QmTaY5MS9trVXjFywtxW4D927KDY5r2GWthvdnwE2u1TQ8/450.png,450,493
ipfs://QmTaY5MS9trVXjFywtxW4D927KDY5r2GWthvdnwE2u1TQ8/451.png,451,268
ipfs://QmTaY5MS9trVXjFywtxW4D927KDY5r2GWthvdnwE2u1TQ8/452.png,452,562
ipfs://QmTaY5MS9trVXjFywtxW4D927KDY5r2GWthvdnwE2u1TQ8/453.png,453,186
ipfs://QmTaY5MS9trVXjFywtxW4D927KDY5r2GWthvdnwE2u1TQ8/454.png,454,136
ipfs://QmTaY5MS9trVXjFywtxW4D927KDY5r2GWthvdnwE2u1TQ8/455.png,455,124
ipfs://QmTaY5MS9trVXjFywtxW4D927KDY5r2GWthvdnwE2u1TQ8/456.png,456,856
ipfs://QmTaY5MS9trVXjFywtxW4D927KDY5r2GWthvdnwE2u1TQ8/457.png,457,806
ipfs://QmTaY5MS9trVXjFywtxW4D927KDY5r2GWthvdnwE2u1TQ8/458.png,458,661
ipfs://QmTaY5MS9trVXjFywtxW4D927KDY5r2GWthvdnwE2u1TQ8/459.png,459,517
ipfs://QmTaY5MS9trVXjFywtxW4D927KDY5r2GWthvdnwE2u1TQ8/460.png,460,712
ipfs://QmTaY5MS9trVXjFywtxW4D927KDY5r2GWthvdnwE2u1TQ8/461.png,461,33
ipfs://QmTaY5MS9trVXjFywtxW4D927KDY5r2GWthvdnwE2u1TQ8/462.png,462,12
ipfs://QmTaY5MS9trVXjFywtxW4D927KDY5r2GWthvdnwE2u1TQ8/463.png,463,766
ipfs://QmTaY5MS9trVXjFywtxW4D927KDY5r2GWthvdnwE2u1TQ8/464.png,464,708
ipfs://QmTaY5MS9trVXjFywtxW4D927KDY5r2GWthvdnwE2u1TQ8/465.png,465,68
ipfs://QmTaY5MS9trVXjFywtxW4D927KDY5r2GWthvdnwE2u1TQ8/466.png,466,502
ipfs://QmTaY5MS9trVXjFywtxW4D927KDY5r2GWthvdnwE2u1TQ8/467.png,467,218
ipfs://QmTaY5MS9trVXjFywtxW4D927KDY5r2GWthvdnwE2u1TQ8/468.png,468,488
ipfs://QmTaY5MS9trVXjFywtxW4D927KDY5r2GWthvdnwE2u1TQ8/469.png,469,113
ipfs://QmTaY5MS9trVXjFywtxW4D927KDY5r2GWthvdnwE2u1TQ8/470.png,470,611
ipfs://QmTaY5MS9trVXjFywtxW4D927KDY5r2GWthvdnwE2u1TQ8/471.png,471,700
ipfs://QmTaY5MS9trVXjFywtxW4D927KDY5r2GWthvdnwE2u1TQ8/472.png,472,233
ipfs://QmTaY5MS9trVXjFywtxW4D927KDY5r2GWthvdnwE2u1TQ8/473.png,473,242
ipfs://QmTaY5MS9trVXjFywtxW4D927KDY5r2GWthvdnwE2u1TQ8/474.png,474,885
ipfs://QmTaY5MS9trVXjFywtxW4D927KDY5r2GWthvdnwE2u1TQ8/475.png,475,388
ipfs://QmTaY5MS9trVXjFywtxW4D927KDY5r2GWthvdnwE2u1TQ8/476.png,476,348
ipfs://QmTaY5MS9trVXjFywtxW4D927KDY5r2GWthvdnwE2u1TQ8/477.png,477,818
ipfs://QmTaY5MS9trVXjFywtxW4D927KDY5r2GWthvdnwE2u1TQ8/478.png,478,344
ipfs://QmTaY5MS9trVXjFywtxW4D927KDY5r2GWthvdnwE2u1TQ8/479.png,479,227
ipfs://QmTaY5MS9trVXjFywtxW4D927KDY5r2GWthvdnwE2u1TQ8/480.png,480,130
ipfs://QmTaY5MS9trVXjFywtxW4D927KDY5r2GWthvdnwE2u1TQ8/481.png,481,464
ipfs://QmTaY5MS9trVXjFywtxW4D927KDY5r2GWthvdnwE2u1TQ8/482.png,482,266
ipfs://QmTaY5MS9trVXjFywtxW4D927KDY5r2GWthvdnwE2u1TQ8/483.png,483,528
ipfs://QmTaY5MS9trVXjFywtxW4D927KDY5r2GWthvdnwE2u1TQ8/484.png,484,405
ipfs://QmTaY5MS9trVXjFywtxW4D927KDY5r2GWthvdnwE2u1TQ8/485.png,485,705
ipfs://QmTaY5MS9trVXjFywtxW4D927KDY5r2GWthvdnwE2u1TQ8/486.png,486,167
ipfs://QmTaY5MS9trVXjFywtxW4D927KDY5r2GWthvdnwE2u1TQ8/487.png,487,416
ipfs://QmTaY5MS9trVXjFywtxW4D927KDY5r2GWthvdnwE2u1TQ8/488.png,488,184
ipfs://QmTaY5MS9trVXjFywtxW4D927KDY5r2GWthvdnwE2u1TQ8/489.png,489,87
ipfs://QmTaY5MS9trVXjFywtxW4D927KDY5r2GWthvdnwE2u1TQ8/490.png,490,608
ipfs://QmTaY5MS9trVXjFywtxW4D927KDY5r2GWthvdnwE2u1TQ8/491.png,491,92
ipfs://QmTaY5MS9trVXjFywtxW4D927KDY5r2GWthvdnwE2u1TQ8/492.png,492,200
ipfs://QmTaY5MS9trVXjFywtxW4D927KDY5r2GWthvdnwE2u1TQ8/493.png,493,646
ipfs://QmTaY5MS9trVXjFywtxW4D927KDY5r2GWthvdnwE2u1TQ8/494.png,494,212
ipfs://QmTaY5MS9trVXjFywtxW4D927KDY5r2GWthvdnwE2u1TQ8/495.png,495,71
ipfs://QmTaY5MS9trVXjFywtxW4D927KDY5r2GWthvdnwE2u1TQ8/496.png,496,318
ipfs://QmTaY5MS9trVXjFywtxW4D927KDY5r2GWthvdnwE2u1TQ8/497.png,497,550
ipfs://QmTaY5MS9trVXjFywtxW4D927KDY5r2GWthvdnwE2u1TQ8/498.png,498,571
ipfs://QmTaY5MS9trVXjFywtxW4D927KDY5r2GWthvdnwE2u1TQ8/499.png,499,746
ipfs://QmTaY5MS9trVXjFywtxW4D927KDY5r2GWthvdnwE2u1TQ8/500.png,500,287
ipfs://QmTaY5MS9trVXjFywtxW4D927KDY5r2GWthvdnwE2u1TQ8/501.png,501,84
ipfs://QmTaY5MS9trVXjFywtxW4D927KDY5r2GWthvdnwE2u1TQ8/502.png,502,430
ipfs://QmTaY5MS9trVXjFywtxW4D927KDY5r2GWthvdnwE2u1TQ8/503.png,503,328
ipfs://QmTaY5MS9trVXjFywtxW4D927KDY5r2GWthvdnwE2u1TQ8/504.png,504,415
ipfs://QmTaY5MS9trVXjFywtxW4D927KDY5r2GWthvdnwE2u1TQ8/505.png,505,147
ipfs://QmTaY5MS9trVXjFywtxW4D927KDY5r2GWthvdnwE2u1TQ8/506.png,506,527
ipfs://QmTaY5MS9trVXjFywtxW4D927KDY5r2GWthvdnwE2u1TQ8/507.png,507,43
ipfs://QmTaY5MS9trVXjFywtxW4D927KDY5r2GWthvdnwE2u1TQ8/508.png,508,161
ipfs://QmTaY5MS9trVXjFywtxW4D927KDY5r2GWthvdnwE2u1TQ8/509.png,509,654
ipfs://QmTaY5MS9trVXjFywtxW4D927KDY5r2GWthvdnwE2u1TQ8/510.png,510,109
ipfs://QmTaY5MS9trVXjFywtxW4D927KDY5r2GWthvdnwE2u1TQ8/511.png,511,276
ipfs://QmTaY5MS9trVXjFywtxW4D927KDY5r2GWthvdnwE2u1TQ8/512.png,512,466
ipfs://QmTaY5MS9trVXjFywtxW4D927KDY5r2GWthvdnwE2u1TQ8/513.png,513,800
ipfs://QmTaY5MS9trVXjFywtxW4D927KDY5r2GWthvdnwE2u1TQ8/514.png,514,126
ipfs://QmTaY5MS9trVXjFywtxW4D927KDY5r2GWthvdnwE2u1TQ8/515.png,515,370
ipfs://QmTaY5MS9trVXjFywtxW4D927KDY5r2GWthvdnwE2u1TQ8/516.png,516,65
ipfs://QmTaY5MS9trVXjFywtxW4D927KDY5r2GWthvdnwE2u1TQ8/517.png,517,351
ipfs://QmTaY5MS9trVXjFywtxW4D927KDY5r2GWthvdnwE2u1TQ8/518.png,518,645
ipfs://QmTaY5MS9trVXjFywtxW4D927KDY5r2GWthvdnwE2u1TQ8/519.png,519,483
ipfs://QmTaY5MS9trVXjFywtxW4D927KDY5r2GWthvdnwE2u1TQ8/520.png,520,404
ipfs://QmTaY5MS9trVXjFywtxW4D927KDY5r2GWthvdnwE2u1TQ8/521.png,521,838
ipfs://QmTaY5MS9trVXjFywtxW4D927KDY5r2GWthvdnwE2u1TQ8/522.png,522,734
ipfs://QmTaY5MS9trVXjFywtxW4D927KDY5r2GWthvdnwE2u1TQ8/523.png,523,334
ipfs://QmTaY5MS9trVXjFywtxW4D927KDY5r2GWthvdnwE2u1TQ8/524.png,524,742
ipfs://QmTaY5MS9trVXjFywtxW4D927KDY5r2GWthvdnwE2u1TQ8/525.png,525,191
ipfs://QmTaY5MS9trVXjFywtxW4D927KDY5r2GWthvdnwE2u1TQ8/526.png,526,400
ipfs://QmTaY5MS9trVXjFywtxW4D927KDY5r2GWthvdnwE2u1TQ8/527.png,527,299
ipfs://QmTaY5MS9trVXjFywtxW4D927KDY5r2GWthvdnwE2u1TQ8/528.png,528,91
ipfs://QmTaY5MS9trVXjFywtxW4D927KDY5r2GWthvdnwE2u1TQ8/529.png,529,844
ipfs://QmTaY5MS9trVXjFywtxW4D927KDY5r2GWthvdnwE2u1TQ8/530.png,530,515
ipfs://QmTaY5MS9trVXjFywtxW4D927KDY5r2GWthvdnwE2u1TQ8/531.png,531,428
ipfs://QmTaY5MS9trVXjFywtxW4D927KDY5r2GWthvdnwE2u1TQ8/532.png,532,641
ipfs://QmTaY5MS9trVXjFywtxW4D927KDY5r2GWthvdnwE2u1TQ8/533.png,533,237
ipfs://QmTaY5MS9trVXjFywtxW4D927KDY5r2GWthvdnwE2u1TQ8/534.png,534,586
ipfs://QmTaY5MS9trVXjFywtxW4D927KDY5r2GWthvdnwE2u1TQ8/535.png,535,295
ipfs://QmTaY5MS9trVXjFywtxW4D927KDY5r2GWthvdnwE2u1TQ8/536.png,536,812
ipfs://QmTaY5MS9trVXjFywtxW4D927KDY5r2GWthvdnwE2u1TQ8/537.png,537,438
ipfs://QmTaY5MS9trVXjFywtxW4D927KDY5r2GWthvdnwE2u1TQ8/538.png,538,285
ipfs://QmTaY5MS9trVXjFywtxW4D927KDY5r2GWthvdnwE2u1TQ8/539.png,539,803
ipfs://QmTaY5MS9trVXjFywtxW4D927KDY5r2GWthvdnwE2u1TQ8/540.png,540,730
ipfs://QmTaY5MS9trVXjFywtxW4D927KDY5r2GWthvdnwE2u1TQ8/541.png,541,824
ipfs://QmTaY5MS9trVXjFywtxW4D927KDY5r2GWthvdnwE2u1TQ8/542.png,542,675
ipfs://QmTaY5MS9trVXjFywtxW4D927KDY5r2GWthvdnwE2u1TQ8/543.png,543,206
ipfs://QmTaY5MS9trVXjFywtxW4D927KDY5r2GWthvdnwE2u1TQ8/544.png,544,456
ipfs://QmTaY5MS9trVXjFywtxW4D927KDY5r2GWthvdnwE2u1TQ8/545.png,545,511
ipfs://QmTaY5MS9trVXjFywtxW4D927KDY5r2GWthvdnwE2u1TQ8/546.png,546,851
ipfs://QmTaY5MS9trVXjFywtxW4D927KDY5r2GWthvdnwE2u1TQ8/547.png,547,741
ipfs://QmTaY5MS9trVXjFywtxW4D927KDY5r2GWthvdnwE2u1TQ8/548.png,548,139
ipfs://QmTaY5MS9trVXjFywtxW4D927KDY5r2GWthvdnwE2u1TQ8/549.png,549,720
ipfs://QmTaY5MS9trVXjFywtxW4D927KDY5r2GWthvdnwE2u1TQ8/550.png,550,569
ipfs://QmTaY5MS9trVXjFywtxW4D927KDY5r2GWthvdnwE2u1TQ8/551.png,551,39
ipfs://QmTaY5MS9trVXjFywtxW4D927KDY5r2GWthvdnwE2u1TQ8/552.png,552,315
ipfs://QmTaY5MS9trVXjFywtxW4D927KDY5r2GWthvdnwE2u1TQ8/553.png,553,703
ipfs://QmTaY5MS9trVXjFywtxW4D927KDY5r2GWthvdnwE2u1TQ8/554.png,554,635
ipfs://QmTaY5MS9trVXjFywtxW4D927KDY5r2GWthvdnwE2u1TQ8/555.png,555,591
ipfs://QmTaY5MS9trVXjFywtxW4D927KDY5r2GWthvdnwE2u1TQ8/556.png,556,13
ipfs://QmTaY5MS9trVXjFywtxW4D927KDY5r2GWthvdnwE2u1TQ8/557.png,557,633
ipfs://QmTaY5MS9trVXjFywtxW4D927KDY5r2GWthvdnwE2u1TQ8/558.png,558,272
ipfs://QmTaY5MS9trVXjFywtxW4D927KDY5r2GWthvdnwE2u1TQ8/559.png,559,558
ipfs://QmTaY5MS9trVXjFywtxW4D927KDY5r2GWthvdnwE2u1TQ8/560.png,560,828
ipfs://QmTaY5MS9trVXjFywtxW4D927KDY5r2GWthvdnwE2u1TQ8/561.png,561,825
ipfs://QmTaY5MS9trVXjFywtxW4D927KDY5r2GWthvdnwE2u1TQ8/562.png,562,35
ipfs://QmTaY5MS9trVXjFywtxW4D927KDY5r2GWthvdnwE2u1TQ8/563.png,563,215
ipfs://QmTaY5MS9trVXjFywtxW4D927KDY5r2GWthvdnwE2u1TQ8/564.png,564,836
ipfs://QmTaY5MS9trVXjFywtxW4D927KDY5r2GWthvdnwE2u1TQ8/565.png,565,425
ipfs://QmTaY5MS9trVXjFywtxW4D927KDY5r2GWthvdnwE2u1TQ8/566.png,566,131
ipfs://QmTaY5MS9trVXjFywtxW4D927KDY5r2GWthvdnwE2u1TQ8/567.png,567,274
ipfs://QmTaY5MS9trVXjFywtxW4D927KDY5r2GWthvdnwE2u1TQ8/568.png,568,765
ipfs://QmTaY5MS9trVXjFywtxW4D927KDY5r2GWthvdnwE2u1TQ8/569.png,569,541
ipfs://QmTaY5MS9trVXjFywtxW4D927KDY5r2GWthvdnwE2u1TQ8/570.png,570,664
ipfs://QmTaY5MS9trVXjFywtxW4D927KDY5r2GWthvdnwE2u1TQ8/571.png,571,26
ipfs://QmTaY5MS9trVXjFywtxW4D927KDY5r2GWthvdnwE2u1TQ8/572.png,572,44
ipfs://QmTaY5MS9trVXjFywtxW4D927KDY5r2GWthvdnwE2u1TQ8/573.png,573,196
ipfs://QmTaY5MS9trVXjFywtxW4D927KDY5r2GWthvdnwE2u1TQ8/574.png,574,319
ipfs://QmTaY5MS9trVXjFywtxW4D927KDY5r2GWthvdnwE2u1TQ8/575.png,575,577
ipfs://QmTaY5MS9trVXjFywtxW4D927KDY5r2GWthvdnwE2u1TQ8/576.png,576,583
ipfs://QmTaY5MS9trVXjFywtxW4D927KDY5r2GWthvdnwE2u1TQ8/577.png,577,324
ipfs://QmTaY5MS9trVXjFywtxW4D927KDY5r2GWthvdnwE2u1TQ8/578.png,578,145
ipfs://QmTaY5MS9trVXjFywtxW4D927KDY5r2GWthvdnwE2u1TQ8/579.png,579,95
ipfs://QmTaY5MS9trVXjFywtxW4D927KDY5r2GWthvdnwE2u1TQ8/580.png,580,111
ipfs://QmTaY5MS9trVXjFywtxW4D927KDY5r2GWthvdnwE2u1TQ8/581.png,581,385
ipfs://QmTaY5MS9trVXjFywtxW4D927KDY5r2GWthvdnwE2u1TQ8/582.png,582,158
ipfs://QmTaY5MS9trVXjFywtxW4D927KDY5r2GWthvdnwE2u1TQ8/583.png,583,701
ipfs://QmTaY5MS9trVXjFywtxW4D927KDY5r2GWthvdnwE2u1TQ8/584.png,584,674
ipfs://QmTaY5MS9trVXjFywtxW4D927KDY5r2GWthvdnwE2u1TQ8/585.png,585,112
ipfs://QmTaY5MS9trVXjFywtxW4D927KDY5r2GWthvdnwE2u1TQ8/586.png,586,310
ipfs://QmTaY5MS9trVXjFywtxW4D927KDY5r2GWthvdnwE2u1TQ8/587.png,587,48
ipfs://QmTaY5MS9trVXjFywtxW4D927KDY5r2GWthvdnwE2u1TQ8/588.png,588,223
ipfs://QmTaY5MS9trVXjFywtxW4D927KDY5r2GWthvdnwE2u1TQ8/589.png,589,548
ipfs://QmTaY5MS9trVXjFywtxW4D927KDY5r2GWthvdnwE2u1TQ8/590.png,590,323
ipfs://QmTaY5MS9trVXjFywtxW4D927KDY5r2GWthvdnwE2u1TQ8/591.png,591,578
ipfs://QmTaY5MS9trVXjFywtxW4D927KDY5r2GWthvdnwE2u1TQ8/592.png,592,726
ipfs://QmTaY5MS9trVXjFywtxW4D927KDY5r2GWthvdnwE2u1TQ8/593.png,593,496
ipfs://QmTaY5MS9trVXjFywtxW4D927KDY5r2GWthvdnwE2u1TQ8/594.png,594,568
ipfs://QmTaY5MS9trVXjFywtxW4D927KDY5r2GWthvdnwE2u1TQ8/595.png,595,733
ipfs://QmTaY5MS9trVXjFywtxW4D927KDY5r2GWthvdnwE2u1TQ8/596.png,596,320
ipfs://QmTaY5MS9trVXjFywtxW4D927KDY5r2GWthvdnwE2u1TQ8/597.png,597,374
ipfs://QmTaY5MS9trVXjFywtxW4D927KDY5r2GWthvdnwE2u1TQ8/598.png,598,128
ipfs://QmTaY5MS9trVXjFywtxW4D927KDY5r2GWthvdnwE2u1TQ8/599.png,599,683
ipfs://QmTaY5MS9trVXjFywtxW4D927KDY5r2GWthvdnwE2u1TQ8/600.png,600,214
ipfs://QmTaY5MS9trVXjFywtxW4D927KDY5r2GWthvdnwE2u1TQ8/601.png,601,281
ipfs://QmTaY5MS9trVXjFywtxW4D927KDY5r2GWthvdnwE2u1TQ8/602.png,602,693
ipfs://QmTaY5MS9trVXjFywtxW4D927KDY5r2GWthvdnwE2u1TQ8/603.png,603,14
ipfs://QmTaY5MS9trVXjFywtxW4D927KDY5r2GWthvdnwE2u1TQ8/604.png,604,387
ipfs://QmTaY5MS9trVXjFywtxW4D927KDY5r2GWthvdnwE2u1TQ8/605.png,605,332
ipfs://QmTaY5MS9trVXjFywtxW4D927KDY5r2GWthvdnwE2u1TQ8/606.png,606,489
ipfs://QmTaY5MS9trVXjFywtxW4D927KDY5r2GWthvdnwE2u1TQ8/607.png,607,431
ipfs://QmTaY5MS9trVXjFywtxW4D927KDY5r2GWthvdnwE2u1TQ8/608.png,608,510
ipfs://QmTaY5MS9trVXjFywtxW4D927KDY5r2GWthvdnwE2u1TQ8/609.png,609,421
ipfs://QmTaY5MS9trVXjFywtxW4D927KDY5r2GWthvdnwE2u1TQ8/610.png,610,308
ipfs://QmTaY5MS9trVXjFywtxW4D927KDY5r2GWthvdnwE2u1TQ8/611.png,611,749
ipfs://QmTaY5MS9trVXjFywtxW4D927KDY5r2GWthvdnwE2u1TQ8/612.png,612,378
ipfs://QmTaY5MS9trVXjFywtxW4D927KDY5r2GWthvdnwE2u1TQ8/613.png,613,418
ipfs://QmTaY5MS9trVXjFywtxW4D927KDY5r2GWthvdnwE2u1TQ8/614.png,614,151
ipfs://QmTaY5MS9trVXjFywtxW4D927KDY5r2GWthvdnwE2u1TQ8/615.png,615,178
ipfs://QmTaY5MS9trVXjFywtxW4D927KDY5r2GWthvdnwE2u1TQ8/616.png,616,195
ipfs://QmTaY5MS9trVXjFywtxW4D927KDY5r2GWthvdnwE2u1TQ8/617.png,617,102
ipfs://QmTaY5MS9trVXjFywtxW4D927KDY5r2GWthvdnwE2u1TQ8/618.png,618,15
ipfs://QmTaY5MS9trVXjFywtxW4D927KDY5r2GWthvdnwE2u1TQ8/619.png,619,341
ipfs://QmTaY5MS9trVXjFywtxW4D927KDY5r2GWthvdnwE2u1TQ8/620.png,620,205
ipfs://QmTaY5MS9trVXjFywtxW4D927KDY5r2GWthvdnwE2u1TQ8/621.png,621,629
ipfs://QmTaY5MS9trVXjFywtxW4D927KDY5r2GWthvdnwE2u1TQ8/622.png,622,302
ipfs://QmTaY5MS9trVXjFywtxW4D927KDY5r2GWthvdnwE2u1TQ8/623.png,623,688
ipfs://QmTaY5MS9trVXjFywtxW4D927KDY5r2GWthvdnwE2u1TQ8/624.png,624,270
ipfs://QmTaY5MS9trVXjFywtxW4D927KDY5r2GWthvdnwE2u1TQ8/625.png,625,120
ipfs://QmTaY5MS9trVXjFywtxW4D927KDY5r2GWthvdnwE2u1TQ8/626.png,626,271
ipfs://QmTaY5MS9trVXjFywtxW4D927KDY5r2GWthvdnwE2u1TQ8/627.png,627,309
ipfs://QmTaY5MS9trVXjFywtxW4D927KDY5r2GWthvdnwE2u1TQ8/628.png,628,602
ipfs://QmTaY5MS9trVXjFywtxW4D927KDY5r2GWthvdnwE2u1TQ8/629.png,629,221
ipfs://QmTaY5MS9trVXjFywtxW4D927KDY5r2GWthvdnwE2u1TQ8/630.png,630,232
ipfs://QmTaY5MS9trVXjFywtxW4D927KDY5r2GWthvdnwE2u1TQ8/631.png,631,678
ipfs://QmTaY5MS9trVXjFywtxW4D927KDY5r2GWthvdnwE2u1TQ8/632.png,632,874
ipfs://QmTaY5MS9trVXjFywtxW4D927KDY5r2GWthvdnwE2u1TQ8/633.png,633,576
ipfs://QmTaY5MS9trVXjFywtxW4D927KDY5r2GWthvdnwE2u1TQ8/634.png,634,256
ipfs://QmTaY5MS9trVXjFywtxW4D927KDY5r2GWthvdnwE2u1TQ8/635.png,635,886
ipfs://QmTaY5MS9trVXjFywtxW4D927KDY5r2GWthvdnwE2u1TQ8/636.png,636,792
ipfs://QmTaY5MS9trVXjFywtxW4D927KDY5r2GWthvdnwE2u1TQ8/637.png,637,317
ipfs://QmTaY5MS9trVXjFywtxW4D927KDY5r2GWthvdnwE2u1TQ8/638.png,638,38
ipfs://QmTaY5MS9trVXjFywtxW4D927KDY5r2GWthvdnwE2u1TQ8/639.png,639,834
ipfs://QmTaY5MS9trVXjFywtxW4D927KDY5r2GWthvdnwE2u1TQ8/640.png,640,448
ipfs://QmTaY5MS9trVXjFywtxW4D927KDY5r2GWthvdnwE2u1TQ8/641.png,641,278
ipfs://QmTaY5MS9trVXjFywtxW4D927KDY5r2GWthvdnwE2u1TQ8/642.png,642,424
ipfs://QmTaY5MS9trVXjFywtxW4D927KDY5r2GWthvdnwE2u1TQ8/643.png,643,327
ipfs://QmTaY5MS9trVXjFywtxW4D927KDY5r2GWthvdnwE2u1TQ8/644.png,644,289
ipfs://QmTaY5MS9trVXjFywtxW4D927KDY5r2GWthvdnwE2u1TQ8/645.png,645,155
ipfs://QmTaY5MS9trVXjFywtxW4D927KDY5r2GWthvdnwE2u1TQ8/646.png,646,750
ipfs://QmTaY5MS9trVXjFywtxW4D927KDY5r2GWthvdnwE2u1TQ8/647.png,647,396
ipfs://QmTaY5MS9trVXjFywtxW4D927KDY5r2GWthvdnwE2u1TQ8/648.png,648,239
ipfs://QmTaY5MS9trVXjFywtxW4D927KDY5r2GWthvdnwE2u1TQ8/649.png,649,470
ipfs://QmTaY5MS9trVXjFywtxW4D927KDY5r2GWthvdnwE2u1TQ8/650.png,650,141
ipfs://QmTaY5MS9trVXjFywtxW4D927KDY5r2GWthvdnwE2u1TQ8/651.png,651,197
ipfs://QmTaY5MS9trVXjFywtxW4D927KDY5r2GWthvdnwE2u1TQ8/652.png,652,681
ipfs://QmTaY5MS9trVXjFywtxW4D927KDY5r2GWthvdnwE2u1TQ8/653.png,653,67
ipfs://QmTaY5MS9trVXjFywtxW4D927KDY5r2GWthvdnwE2u1TQ8/654.png,654,736
ipfs://QmTaY5MS9trVXjFywtxW4D927KDY5r2GWthvdnwE2u1TQ8/655.png,655,433
ipfs://QmTaY5MS9trVXjFywtxW4D927KDY5r2GWthvdnwE2u1TQ8/656.png,656,523
ipfs://QmTaY5MS9trVXjFywtxW4D927KDY5r2GWthvdnwE2u1TQ8/657.png,657,226
ipfs://QmTaY5MS9trVXjFywtxW4D927KDY5r2GWthvdnwE2u1TQ8/658.png,658,858
ipfs://QmTaY5MS9trVXjFywtxW4D927KDY5r2GWthvdnwE2u1TQ8/659.png,659,127
ipfs://QmTaY5MS9trVXjFywtxW4D927KDY5r2GWthvdnwE2u1TQ8/660.png,660,164
ipfs://QmTaY5MS9trVXjFywtxW4D927KDY5r2GWthvdnwE2u1TQ8/661.png,661,722
ipfs://QmTaY5MS9trVXjFywtxW4D927KDY5r2GWthvdnwE2u1TQ8/662.png,662,284
ipfs://QmTaY5MS9trVXjFywtxW4D927KDY5r2GWthvdnwE2u1TQ8/663.png,663,872
ipfs://QmTaY5MS9trVXjFywtxW4D927KDY5r2GWthvdnwE2u1TQ8/664.png,664,503
ipfs://QmTaY5MS9trVXjFywtxW4D927KDY5r2GWthvdnwE2u1TQ8/665.png,665,729
ipfs://QmTaY5MS9trVXjFywtxW4D927KDY5r2GWthvdnwE2u1TQ8/666.png,666,222
ipfs://QmTaY5MS9trVXjFywtxW4D927KDY5r2GWthvdnwE2u1TQ8/667.png,667,16
ipfs://QmTaY5MS9trVXjFywtxW4D927KDY5r2GWthvdnwE2u1TQ8/668.png,668,403
ipfs://QmTaY5MS9trVXjFywtxW4D927KDY5r2GWthvdnwE2u1TQ8/669.png,669,724
ipfs://QmTaY5MS9trVXjFywtxW4D927KDY5r2GWthvdnwE2u1TQ8/670.png,670,282
ipfs://QmTaY5MS9trVXjFywtxW4D927KDY5r2GWthvdnwE2u1TQ8/671.png,671,143
ipfs://QmTaY5MS9trVXjFywtxW4D927KDY5r2GWthvdnwE2u1TQ8/672.png,672,322
ipfs://QmTaY5MS9trVXjFywtxW4D927KDY5r2GWthvdnwE2u1TQ8/673.png,673,165
ipfs://QmTaY5MS9trVXjFywtxW4D927KDY5r2GWthvdnwE2u1TQ8/674.png,674,17
ipfs://QmTaY5MS9trVXjFywtxW4D927KDY5r2GWthvdnwE2u1TQ8/675.png,675,538
ipfs://QmTaY5MS9trVXjFywtxW4D927KDY5r2GWthvdnwE2u1TQ8/676.png,676,62
ipfs://QmTaY5MS9trVXjFywtxW4D927KDY5r2GWthvdnwE2u1TQ8/677.png,677,543
ipfs://QmTaY5MS9trVXjFywtxW4D927KDY5r2GWthvdnwE2u1TQ8/678.png,678,767
ipfs://QmTaY5MS9trVXjFywtxW4D927KDY5r2GWthvdnwE2u1TQ8/679.png,679,526
ipfs://QmTaY5MS9trVXjFywtxW4D927KDY5r2GWthvdnwE2u1TQ8/680.png,680,507
ipfs://QmTaY5MS9trVXjFywtxW4D927KDY5r2GWthvdnwE2u1TQ8/681.png,681,115
ipfs://QmTaY5MS9trVXjFywtxW4D927KDY5r2GWthvdnwE2u1TQ8/682.png,682,376
ipfs://QmTaY5MS9trVXjFywtxW4D927KDY5r2GWthvdnwE2u1TQ8/683.png,683,273
ipfs://QmTaY5MS9trVXjFywtxW4D927KDY5r2GWthvdnwE2u1TQ8/684.png,684,551
ipfs://QmTaY5MS9trVXjFywtxW4D927KDY5r2GWthvdnwE2u1TQ8/685.png,685,566
ipfs://QmTaY5MS9trVXjFywtxW4D927KDY5r2GWthvdnwE2u1TQ8/686.png,686,758
ipfs://QmTaY5MS9trVXjFywtxW4D927KDY5r2GWthvdnwE2u1TQ8/687.png,687,666
ipfs://QmTaY5MS9trVXjFywtxW4D927KDY5r2GWthvdnwE2u1TQ8/688.png,688,116
ipfs://QmTaY5MS9trVXjFywtxW4D927KDY5r2GWthvdnwE2u1TQ8/689.png,689,780
ipfs://QmTaY5MS9trVXjFywtxW4D927KDY5r2GWthvdnwE2u1TQ8/690.png,690,343
ipfs://QmTaY5MS9trVXjFywtxW4D927KDY5r2GWthvdnwE2u1TQ8/691.png,691,710
ipfs://QmTaY5MS9trVXjFywtxW4D927KDY5r2GWthvdnwE2u1TQ8/692.png,692,547
ipfs://QmTaY5MS9trVXjFywtxW4D927KDY5r2GWthvdnwE2u1TQ8/693.png,693,888
ipfs://QmTaY5MS9trVXjFywtxW4D927KDY5r2GWthvdnwE2u1TQ8/694.png,694,469
ipfs://QmTaY5MS9trVXjFywtxW4D927KDY5r2GWthvdnwE2u1TQ8/695.png,695,181
ipfs://QmTaY5MS9trVXjFywtxW4D927KDY5r2GWthvdnwE2u1TQ8/696.png,696,518
ipfs://QmTaY5MS9trVXjFywtxW4D927KDY5r2GWthvdnwE2u1TQ8/697.png,697,616
ipfs://QmTaY5MS9trVXjFywtxW4D927KDY5r2GWthvdnwE2u1TQ8/698.png,698,789
ipfs://QmTaY5MS9trVXjFywtxW4D927KDY5r2GWthvdnwE2u1TQ8/699.png,699,748
ipfs://QmTaY5MS9trVXjFywtxW4D927KDY5r2GWthvdnwE2u1TQ8/700.png,700,725
ipfs://QmTaY5MS9trVXjFywtxW4D927KDY5r2GWthvdnwE2u1TQ8/701.png,701,521
ipfs://QmTaY5MS9trVXjFywtxW4D927KDY5r2GWthvdnwE2u1TQ8/702.png,702,437
ipfs://QmTaY5MS9trVXjFywtxW4D927KDY5r2GWthvdnwE2u1TQ8/703.png,703,316
ipfs://QmTaY5MS9trVXjFywtxW4D927KDY5r2GWthvdnwE2u1TQ8/704.png,704,203
ipfs://QmTaY5MS9trVXjFywtxW4D927KDY5r2GWthvdnwE2u1TQ8/705.png,705,81
ipfs://QmTaY5MS9trVXjFywtxW4D927KDY5r2GWthvdnwE2u1TQ8/706.png,706,52
ipfs://QmTaY5MS9trVXjFywtxW4D927KDY5r2GWthvdnwE2u1TQ8/707.png,707,539
ipfs://QmTaY5MS9trVXjFywtxW4D927KDY5r2GWthvdnwE2u1TQ8/708.png,708,593
ipfs://QmTaY5MS9trVXjFywtxW4D927KDY5r2GWthvdnwE2u1TQ8/709.png,709,609
ipfs://QmTaY5MS9trVXjFywtxW4D927KDY5r2GWthvdnwE2u1TQ8/710.png,710,682
ipfs://QmTaY5MS9trVXjFywtxW4D927KDY5r2GWthvdnwE2u1TQ8/711.png,711,231
ipfs://QmTaY5MS9trVXjFywtxW4D927KDY5r2GWthvdnwE2u1TQ8/712.png,712,392
ipfs://QmTaY5MS9trVXjFywtxW4D927KDY5r2GWthvdnwE2u1TQ8/713.png,713,411
ipfs://QmTaY5MS9trVXjFywtxW4D927KDY5r2GWthvdnwE2u1TQ8/714.png,714,362
ipfs://QmTaY5MS9trVXjFywtxW4D927KDY5r2GWthvdnwE2u1TQ8/715.png,715,40
ipfs://QmTaY5MS9trVXjFywtxW4D927KDY5r2GWthvdnwE2u1TQ8/716.png,716,702
ipfs://QmTaY5MS9trVXjFywtxW4D927KDY5r2GWthvdnwE2u1TQ8/717.png,717,137
ipfs://QmTaY5MS9trVXjFywtxW4D927KDY5r2GWthvdnwE2u1TQ8/718.png,718,300
ipfs://QmTaY5MS9trVXjFywtxW4D927KDY5r2GWthvdnwE2u1TQ8/719.png,719,484
ipfs://QmTaY5MS9trVXjFywtxW4D927KDY5r2GWthvdnwE2u1TQ8/720.png,720,54
ipfs://QmTaY5MS9trVXjFywtxW4D927KDY5r2GWthvdnwE2u1TQ8/721.png,721,53
ipfs://QmTaY5MS9trVXjFywtxW4D927KDY5r2GWthvdnwE2u1TQ8/722.png,722,61
ipfs://QmTaY5MS9trVXjFywtxW4D927KDY5r2GWthvdnwE2u1TQ8/723.png,723,446
ipfs://QmTaY5MS9trVXjFywtxW4D927KDY5r2GWthvdnwE2u1TQ8/724.png,724,468
ipfs://QmTaY5MS9trVXjFywtxW4D927KDY5r2GWthvdnwE2u1TQ8/725.png,725,60
ipfs://QmTaY5MS9trVXjFywtxW4D927KDY5r2GWthvdnwE2u1TQ8/726.png,726,365
ipfs://QmTaY5MS9trVXjFywtxW4D927KDY5r2GWthvdnwE2u1TQ8/727.png,727,18
ipfs://QmTaY5MS9trVXjFywtxW4D927KDY5r2GWthvdnwE2u1TQ8/728.png,728,855
ipfs://QmTaY5MS9trVXjFywtxW4D927KDY5r2GWthvdnwE2u1TQ8/729.png,729,655
ipfs://QmTaY5MS9trVXjFywtxW4D927KDY5r2GWthvdnwE2u1TQ8/730.png,730,238
ipfs://QmTaY5MS9trVXjFywtxW4D927KDY5r2GWthvdnwE2u1TQ8/731.png,731,833
ipfs://QmTaY5MS9trVXjFywtxW4D927KDY5r2GWthvdnwE2u1TQ8/732.png,732,427
ipfs://QmTaY5MS9trVXjFywtxW4D927KDY5r2GWthvdnwE2u1TQ8/733.png,733,770
ipfs://QmTaY5MS9trVXjFywtxW4D927KDY5r2GWthvdnwE2u1TQ8/734.png,734,176
ipfs://QmTaY5MS9trVXjFywtxW4D927KDY5r2GWthvdnwE2u1TQ8/735.png,735,380
ipfs://QmTaY5MS9trVXjFywtxW4D927KDY5r2GWthvdnwE2u1TQ8/736.png,736,229
ipfs://QmTaY5MS9trVXjFywtxW4D927KDY5r2GWthvdnwE2u1TQ8/737.png,737,554
ipfs://QmTaY5MS9trVXjFywtxW4D927KDY5r2GWthvdnwE2u1TQ8/738.png,738,494
ipfs://QmTaY5MS9trVXjFywtxW4D927KDY5r2GWthvdnwE2u1TQ8/739.png,739,883
ipfs://QmTaY5MS9trVXjFywtxW4D927KDY5r2GWthvdnwE2u1TQ8/740.png,740,204
ipfs://QmTaY5MS9trVXjFywtxW4D927KDY5r2GWthvdnwE2u1TQ8/741.png,741,57
ipfs://QmTaY5MS9trVXjFywtxW4D927KDY5r2GWthvdnwE2u1TQ8/742.png,742,850
ipfs://QmTaY5MS9trVXjFywtxW4D927KDY5r2GWthvdnwE2u1TQ8/743.png,743,19
ipfs://QmTaY5MS9trVXjFywtxW4D927KDY5r2GWthvdnwE2u1TQ8/744.png,744,707
ipfs://QmTaY5MS9trVXjFywtxW4D927KDY5r2GWthvdnwE2u1TQ8/745.png,745,154
ipfs://QmTaY5MS9trVXjFywtxW4D927KDY5r2GWthvdnwE2u1TQ8/746.png,746,264
ipfs://QmTaY5MS9trVXjFywtxW4D927KDY5r2GWthvdnwE2u1TQ8/747.png,747,20
ipfs://QmTaY5MS9trVXjFywtxW4D927KDY5r2GWthvdnwE2u1TQ8/748.png,748,235
ipfs://QmTaY5MS9trVXjFywtxW4D927KDY5r2GWthvdnwE2u1TQ8/749.png,749,236
ipfs://QmTaY5MS9trVXjFywtxW4D927KDY5r2GWthvdnwE2u1TQ8/750.png,750,801
ipfs://QmTaY5MS9trVXjFywtxW4D927KDY5r2GWthvdnwE2u1TQ8/751.png,751,123
ipfs://QmTaY5MS9trVXjFywtxW4D927KDY5r2GWthvdnwE2u1TQ8/752.png,752,795
ipfs://QmTaY5MS9trVXjFywtxW4D927KDY5r2GWthvdnwE2u1TQ8/753.png,753,552
ipfs://QmTaY5MS9trVXjFywtxW4D927KDY5r2GWthvdnwE2u1TQ8/754.png,754,696
ipfs://QmTaY5MS9trVXjFywtxW4D927KDY5r2GWthvdnwE2u1TQ8/755.png,755,492
ipfs://QmTaY5MS9trVXjFywtxW4D927KDY5r2GWthvdnwE2u1TQ8/756.png,756,21
ipfs://QmTaY5MS9trVXjFywtxW4D927KDY5r2GWthvdnwE2u1TQ8/757.png,757,391
ipfs://QmTaY5MS9trVXjFywtxW4D927KDY5r2GWthvdnwE2u1TQ8/758.png,758,827
ipfs://QmTaY5MS9trVXjFywtxW4D927KDY5r2GWthvdnwE2u1TQ8/759.png,759,826
ipfs://QmTaY5MS9trVXjFywtxW4D927KDY5r2GWthvdnwE2u1TQ8/760.png,760,355
ipfs://QmTaY5MS9trVXjFywtxW4D927KDY5r2GWthvdnwE2u1TQ8/761.png,761,389
ipfs://QmTaY5MS9trVXjFywtxW4D927KDY5r2GWthvdnwE2u1TQ8/762.png,762,85
ipfs://QmTaY5MS9trVXjFywtxW4D927KDY5r2GWthvdnwE2u1TQ8/763.png,763,876
ipfs://QmTaY5MS9trVXjFywtxW4D927KDY5r2GWthvdnwE2u1TQ8/764.png,764,505
ipfs://QmTaY5MS9trVXjFywtxW4D927KDY5r2GWthvdnwE2u1TQ8/765.png,765,677
ipfs://QmTaY5MS9trVXjFywtxW4D927KDY5r2GWthvdnwE2u1TQ8/766.png,766,64
ipfs://QmTaY5MS9trVXjFywtxW4D927KDY5r2GWthvdnwE2u1TQ8/767.png,767,663
ipfs://QmTaY5MS9trVXjFywtxW4D927KDY5r2GWthvdnwE2u1TQ8/768.png,768,879
ipfs://QmTaY5MS9trVXjFywtxW4D927KDY5r2GWthvdnwE2u1TQ8/769.png,769,761
ipfs://QmTaY5MS9trVXjFywtxW4D927KDY5r2GWthvdnwE2u1TQ8/770.png,770,757
ipfs://QmTaY5MS9trVXjFywtxW4D927KDY5r2GWthvdnwE2u1TQ8/771.png,771,805
ipfs://QmTaY5MS9trVXjFywtxW4D927KDY5r2GWthvdnwE2u1TQ8/772.png,772,243
ipfs://QmTaY5MS9trVXjFywtxW4D927KDY5r2GWthvdnwE2u1TQ8/773.png,773,839
ipfs://QmTaY5MS9trVXjFywtxW4D927KDY5r2GWthvdnwE2u1TQ8/774.png,774,22
ipfs://QmTaY5MS9trVXjFywtxW4D927KDY5r2GWthvdnwE2u1TQ8/775.png,775,487
ipfs://QmTaY5MS9trVXjFywtxW4D927KDY5r2GWthvdnwE2u1TQ8/776.png,776,598
ipfs://QmTaY5MS9trVXjFywtxW4D927KDY5r2GWthvdnwE2u1TQ8/777.png,777,525
ipfs://QmTaY5MS9trVXjFywtxW4D927KDY5r2GWthvdnwE2u1TQ8/778.png,778,868
ipfs://QmTaY5MS9trVXjFywtxW4D927KDY5r2GWthvdnwE2u1TQ8/779.png,779,442
ipfs://QmTaY5MS9trVXjFywtxW4D927KDY5r2GWthvdnwE2u1TQ8/780.png,780,240
ipfs://QmTaY5MS9trVXjFywtxW4D927KDY5r2GWthvdnwE2u1TQ8/781.png,781,680
ipfs://QmTaY5MS9trVXjFywtxW4D927KDY5r2GWthvdnwE2u1TQ8/782.png,782,367
ipfs://QmTaY5MS9trVXjFywtxW4D927KDY5r2GWthvdnwE2u1TQ8/783.png,783,353
ipfs://QmTaY5MS9trVXjFywtxW4D927KDY5r2GWthvdnwE2u1TQ8/784.png,784,643
ipfs://QmTaY5MS9trVXjFywtxW4D927KDY5r2GWthvdnwE2u1TQ8/785.png,785,556
ipfs://QmTaY5MS9trVXjFywtxW4D927KDY5r2GWthvdnwE2u1TQ8/786.png,786,390
ipfs://QmTaY5MS9trVXjFywtxW4D927KDY5r2GWthvdnwE2u1TQ8/787.png,787,621
ipfs://QmTaY5MS9trVXjFywtxW4D927KDY5r2GWthvdnwE2u1TQ8/788.png,788,672
ipfs://QmTaY5MS9trVXjFywtxW4D927KDY5r2GWthvdnwE2u1TQ8/789.png,789,251
ipfs://QmTaY5MS9trVXjFywtxW4D927KDY5r2GWthvdnwE2u1TQ8/790.png,790,477
ipfs://QmTaY5MS9trVXjFywtxW4D927KDY5r2GWthvdnwE2u1TQ8/791.png,791,612
ipfs://QmTaY5MS9trVXjFywtxW4D927KDY5r2GWthvdnwE2u1TQ8/792.png,792,881
ipfs://QmTaY5MS9trVXjFywtxW4D927KDY5r2GWthvdnwE2u1TQ8/793.png,793,454
ipfs://QmTaY5MS9trVXjFywtxW4D927KDY5r2GWthvdnwE2u1TQ8/794.png,794,622
ipfs://QmTaY5MS9trVXjFywtxW4D927KDY5r2GWthvdnwE2u1TQ8/795.png,795,426
ipfs://QmTaY5MS9trVXjFywtxW4D927KDY5r2GWthvdnwE2u1TQ8/796.png,796,606
ipfs://QmTaY5MS9trVXjFywtxW4D927KDY5r2GWthvdnwE2u1TQ8/797.png,797,848
ipfs://QmTaY5MS9trVXjFywtxW4D927KDY5r2GWthvdnwE2u1TQ8/798.png,798,146
ipfs://QmTaY5MS9trVXjFywtxW4D927KDY5r2GWthvdnwE2u1TQ8/799.png,799,760
ipfs://QmTaY5MS9trVXjFywtxW4D927KDY5r2GWthvdnwE2u1TQ8/800.png,800,790
ipfs://QmTaY5MS9trVXjFywtxW4D927KDY5r2GWthvdnwE2u1TQ8/801.png,801,673
ipfs://QmTaY5MS9trVXjFywtxW4D927KDY5r2GWthvdnwE2u1TQ8/802.png,802,573
ipfs://QmTaY5MS9trVXjFywtxW4D927KDY5r2GWthvdnwE2u1TQ8/803.png,803,624
ipfs://QmTaY5MS9trVXjFywtxW4D927KDY5r2GWthvdnwE2u1TQ8/804.png,804,721
ipfs://QmTaY5MS9trVXjFywtxW4D927KDY5r2GWthvdnwE2u1TQ8/805.png,805,481
ipfs://QmTaY5MS9trVXjFywtxW4D927KDY5r2GWthvdnwE2u1TQ8/806.png,806,23
ipfs://QmTaY5MS9trVXjFywtxW4D927KDY5r2GWthvdnwE2u1TQ8/807.png,807,110
ipfs://QmTaY5MS9trVXjFywtxW4D927KDY5r2GWthvdnwE2u1TQ8/808.png,808,372
ipfs://QmTaY5MS9trVXjFywtxW4D927KDY5r2GWthvdnwE2u1TQ8/809.png,809,313
ipfs://QmTaY5MS9trVXjFywtxW4D927KDY5r2GWthvdnwE2u1TQ8/810.png,810,70
ipfs://QmTaY5MS9trVXjFywtxW4D927KDY5r2GWthvdnwE2u1TQ8/811.png,811,461
ipfs://QmTaY5MS9trVXjFywtxW4D927KDY5r2GWthvdnwE2u1TQ8/812.png,812,625
ipfs://QmTaY5MS9trVXjFywtxW4D927KDY5r2GWthvdnwE2u1TQ8/813.png,813,752
ipfs://QmTaY5MS9trVXjFywtxW4D927KDY5r2GWthvdnwE2u1TQ8/814.png,814,644
ipfs://QmTaY5MS9trVXjFywtxW4D927KDY5r2GWthvdnwE2u1TQ8/815.png,815,138
ipfs://QmTaY5MS9trVXjFywtxW4D927KDY5r2GWthvdnwE2u1TQ8/816.png,816,307
ipfs://QmTaY5MS9trVXjFywtxW4D927KDY5r2GWthvdnwE2u1TQ8/817.png,817,101
ipfs://QmTaY5MS9trVXjFywtxW4D927KDY5r2GWthvdnwE2u1TQ8/818.png,818,381
ipfs://QmTaY5MS9trVXjFywtxW4D927KDY5r2GWthvdnwE2u1TQ8/819.png,819,414
ipfs://QmTaY5MS9trVXjFywtxW4D927KDY5r2GWthvdnwE2u1TQ8/820.png,820,436
ipfs://QmTaY5MS9trVXjFywtxW4D927KDY5r2GWthvdnwE2u1TQ8/821.png,821,59
ipfs://QmTaY5MS9trVXjFywtxW4D927KDY5r2GWthvdnwE2u1TQ8/822.png,822,103
ipfs://QmTaY5MS9trVXjFywtxW4D927KDY5r2GWthvdnwE2u1TQ8/823.png,823,570
ipfs://QmTaY5MS9trVXjFywtxW4D927KDY5r2GWthvdnwE2u1TQ8/824.png,824,482
ipfs://QmTaY5MS9trVXjFywtxW4D927KDY5r2GWthvdnwE2u1TQ8/825.png,825,377
ipfs://QmTaY5MS9trVXjFywtxW4D927KDY5r2GWthvdnwE2u1TQ8/826.png,826,202
ipfs://QmTaY5MS9trVXjFywtxW4D927KDY5r2GWthvdnwE2u1TQ8/827.png,827,793
ipfs://QmTaY5MS9trVXjFywtxW4D927KDY5r2GWthvdnwE2u1TQ8/828.png,828,32
ipfs://QmTaY5MS9trVXjFywtxW4D927KDY5r2GWthvdnwE2u1TQ8/829.png,829,336
ipfs://QmTaY5MS9trVXjFywtxW4D927KDY5r2GWthvdnwE2u1TQ8/830.png,830,261
ipfs://QmTaY5MS9trVXjFywtxW4D927KDY5r2GWthvdnwE2u1TQ8/831.png,831,490
ipfs://QmTaY5MS9trVXjFywtxW4D927KDY5r2GWthvdnwE2u1TQ8/832.png,832,118
ipfs://QmTaY5MS9trVXjFywtxW4D927KDY5r2GWthvdnwE2u1TQ8/833.png,833,530
ipfs://QmTaY5MS9trVXjFywtxW4D927KDY5r2GWthvdnwE2u1TQ8/834.png,834,275
ipfs://QmTaY5MS9trVXjFywtxW4D927KDY5r2GWthvdnwE2u1TQ8/835.png,835,163
ipfs://QmTaY5MS9trVXjFywtxW4D927KDY5r2GWthvdnwE2u1TQ8/836.png,836,737
ipfs://QmTaY5MS9trVXjFywtxW4D927KDY5r2GWthvdnwE2u1TQ8/837.png,837,326
ipfs://QmTaY5MS9trVXjFywtxW4D927KDY5r2GWthvdnwE2u1TQ8/838.png,838,279
ipfs://QmTaY5MS9trVXjFywtxW4D927KDY5r2GWthvdnwE2u1TQ8/839.png,839,180
ipfs://QmTaY5MS9trVXjFywtxW4D927KDY5r2GWthvdnwE2u1TQ8/840.png,840,459
ipfs://QmTaY5MS9trVXjFywtxW4D927KDY5r2GWthvdnwE2u1TQ8/841.png,841,745
ipfs://QmTaY5MS9trVXjFywtxW4D927KDY5r2GWthvdnwE2u1TQ8/842.png,842,799
ipfs://QmTaY5MS9trVXjFywtxW4D927KDY5r2GWthvdnwE2u1TQ8/843.png,843,294
ipfs://QmTaY5MS9trVXjFywtxW4D927KDY5r2GWthvdnwE2u1TQ8/844.png,844,292
ipfs://QmTaY5MS9trVXjFywtxW4D927KDY5r2GWthvdnwE2u1TQ8/845.png,845,463
ipfs://QmTaY5MS9trVXjFywtxW4D927KDY5r2GWthvdnwE2u1TQ8/846.png,846,34
ipfs://QmTaY5MS9trVXjFywtxW4D927KDY5r2GWthvdnwE2u1TQ8/847.png,847,597
ipfs://QmTaY5MS9trVXjFywtxW4D927KDY5r2GWthvdnwE2u1TQ8/848.png,848,241
ipfs://QmTaY5MS9trVXjFywtxW4D927KDY5r2GWthvdnwE2u1TQ8/849.png,849,97
ipfs://QmTaY5MS9trVXjFywtxW4D927KDY5r2GWthvdnwE2u1TQ8/850.png,850,210
ipfs://QmTaY5MS9trVXjFywtxW4D927KDY5r2GWthvdnwE2u1TQ8/851.png,851,513
ipfs://QmTaY5MS9trVXjFywtxW4D927KDY5r2GWthvdnwE2u1TQ8/852.png,852,296
ipfs://QmTaY5MS9trVXjFywtxW4D927KDY5r2GWthvdnwE2u1TQ8/853.png,853,297
ipfs://QmTaY5MS9trVXjFywtxW4D927KDY5r2GWthvdnwE2u1TQ8/854.png,854,283
ipfs://QmTaY5MS9trVXjFywtxW4D927KDY5r2GWthvdnwE2u1TQ8/855.png,855,808
ipfs://QmTaY5MS9trVXjFywtxW4D927KDY5r2GWthvdnwE2u1TQ8/856.png,856,100
ipfs://QmTaY5MS9trVXjFywtxW4D927KDY5r2GWthvdnwE2u1TQ8/857.png,857,587
ipfs://QmTaY5MS9trVXjFywtxW4D927KDY5r2GWthvdnwE2u1TQ8/858.png,858,366
ipfs://QmTaY5MS9trVXjFywtxW4D927KDY5r2GWthvdnwE2u1TQ8/859.png,859,769
ipfs://QmTaY5MS9trVXjFywtxW4D927KDY5r2GWthvdnwE2u1TQ8/860.png,860,596
ipfs://QmTaY5MS9trVXjFywtxW4D927KDY5r2GWthvdnwE2u1TQ8/861.png,861,63
ipfs://QmTaY5MS9trVXjFywtxW4D927KDY5r2GWthvdnwE2u1TQ8/862.png,862,125
ipfs://QmTaY5MS9trVXjFywtxW4D927KDY5r2GWthvdnwE2u1TQ8/863.png,863,439
ipfs://QmTaY5MS9trVXjFywtxW4D927KDY5r2GWthvdnwE2u1TQ8/864.png,864,619
ipfs://QmTaY5MS9trVXjFywtxW4D927KDY5r2GWthvdnwE2u1TQ8/865.png,865,399
ipfs://QmTaY5MS9trVXjFywtxW4D927KDY5r2GWthvdnwE2u1TQ8/866.png,866,73
ipfs://QmTaY5MS9trVXjFywtxW4D927KDY5r2GWthvdnwE2u1TQ8/867.png,867,441
ipfs://QmTaY5MS9trVXjFywtxW4D927KDY5r2GWthvdnwE2u1TQ8/868.png,868,179
ipfs://QmTaY5MS9trVXjFywtxW4D927KDY5r2GWthvdnwE2u1TQ8/869.png,869,114
ipfs://QmTaY5MS9trVXjFywtxW4D927KDY5r2GWthvdnwE2u1TQ8/870.png,870,83
ipfs://QmTaY5MS9trVXjFywtxW4D927KDY5r2GWthvdnwE2u1TQ8/871.png,871,24
ipfs://QmTaY5MS9trVXjFywtxW4D927KDY5r2GWthvdnwE2u1TQ8/872.png,872,397
ipfs://QmTaY5MS9trVXjFywtxW4D927KDY5r2GWthvdnwE2u1TQ8/873.png,873,579
ipfs://QmTaY5MS9trVXjFywtxW4D927KDY5r2GWthvdnwE2u1TQ8/874.png,874,216
ipfs://QmTaY5MS9trVXjFywtxW4D927KDY5r2GWthvdnwE2u1TQ8/875.png,875,394
ipfs://QmTaY5MS9trVXjFywtxW4D927KDY5r2GWthvdnwE2u1TQ8/876.png,876,453
ipfs://QmTaY5MS9trVXjFywtxW4D927KDY5r2GWthvdnwE2u1TQ8/877.png,877,658
ipfs://QmTaY5MS9trVXjFywtxW4D927KDY5r2GWthvdnwE2u1TQ8/878.png,878,265
ipfs://QmTaY5MS9trVXjFywtxW4D927KDY5r2GWthvdnwE2u1TQ8/879.png,879,142
ipfs://QmTaY5MS9trVXjFywtxW4D927KDY5r2GWthvdnwE2u1TQ8/880.png,880,25
ipfs://QmTaY5MS9trVXjFywtxW4D927KDY5r2GWthvdnwE2u1TQ8/881.png,881,778
ipfs://QmTaY5MS9trVXjFywtxW4D927KDY5r2GWthvdnwE2u1TQ8/882.png,882,45
ipfs://QmTaY5MS9trVXjFywtxW4D927KDY5r2GWthvdnwE2u1TQ8/883.png,883,201
ipfs://QmTaY5MS9trVXjFywtxW4D927KDY5r2GWthvdnwE2u1TQ8/884.png,884,544
ipfs://QmTaY5MS9trVXjFywtxW4D927KDY5r2GWthvdnwE2u1TQ8/885.png,885,787
ipfs://QmTaY5MS9trVXjFywtxW4D927KDY5r2GWthvdnwE2u1TQ8/886.png,886,244
ipfs://QmTaY5MS9trVXjFywtxW4D927KDY5r2GWthvdnwE2u1TQ8/887.png,887,739
ipfs://QmTaY5MS9trVXjFywtxW4D927KDY5r2GWthvdnwE2u1TQ8/888.png,888,90
